Workbook

Sheet CEBAS ION2768
A1: Codigo CEBAS | C1: Codigo DeWood
A2: ION2768-1 | B2: 2768-1 | C2: 114
A3: 13 | B3: =_xlfn.CONCAT(RIGHT(LEFT($A$2,7),4),"-",A3) -> 2768-13 | C3: 382
A4: 3 | B4: =_xlfn.CONCAT(RIGHT(LEFT($A$2,7),4),"-",A4) -> 2768-3 | C4: 37
A5: 2 | B5: =_xlfn.CONCAT(RIGHT(LEFT($A$2,7),4),"-",A5) -> 2768-2 | C5: 364
A6: 16 | B6: =_xlfn.CONCAT(RIGHT(LEFT($A$2,7),4),"-",A6) -> 2768-16 | C6: 190
A7: 11 | B7: =_xlfn.CONCAT(RIGHT(LEFT($A$2,7),4),"-",A7) -> 2768-11 | C7: 381
A8: 15 | B8: =_xlfn.CONCAT(RIGHT(LEFT($A$2,7),4),"-",A8) -> 2768-15 | C8: 176
A9: 12 | B9: =_xlfn.CONCAT(RIGHT(LEFT($A$2,7),4),"-",A9) -> 2768-12 | C9: 75
A10: 9 | B10: =_xlfn.CONCAT(RIGHT(LEFT($A$2,7),4),"-",A10) -> 2768-9 | C10: 137
A11: 18 | B11: =_xlfn.CONCAT(RIGHT(LEFT($A$2,7),4),"-",A11) -> 2768-18 | C11: 1085
A12: 4 | B12: =_xlfn.CONCAT(RIGHT(LEFT($A$2,7),4),"-",A12) -> 2768-4 | C12: 172
A13: 10 | B13: =_xlfn.CONCAT(RIGHT(LEFT($A$2,7),4),"-",A13) -> 2768-10 | C13: 1090
A14: 7 | B14: =_xlfn.CONCAT(RIGHT(LEFT($A$2,7),4),"-",A14) -> 2768-7 | C14: 1011
... A46: 139 | B46: =_xlfn.CONCAT(RIGHT(LEFT($A$2,7),4),"-",A46) -> 2768-139 | C46: 325
A47: 65 | B47: =_xlfn.CONCAT(RIGHT(LEFT($A$2,7),4),"-",A47) -> 2768-65 | C47: 360?
A48: 124 | B48: =_xlfn.CONCAT(RIGHT(LEFT($A$2,7),4),"-",A48) -> 2768-124 | C48: 1075
A49: 269 | B49: =_xlfn.CONCAT(RIGHT(LEFT($A$2,7),4),"-",A49) -> 2768-269 | C49: 82
A50: 147 | B50: =_xlfn.CONCAT(RIGHT(LEFT($A$2,7),4),"-",A50) -> 2768-147 | C50: 1083
A51: 150 | B51: =_xlfn.CONCAT(RIGHT(LEFT($A$2,7),4),"-",A51) -> 2768-150 | C51: 1012
A52: 270 | B52: =_xlfn.CONCAT(RIGHT(LEFT($A$2,7),4),"-",A52) -> 2768-270 | C52: 143
A53: 71 | B53: =_xlfn.CONCAT(RIGHT(LEFT($A$2,7),4),"-",A53) -> 2768-71 | C53: 142
A54: 145 | B54: =_xlfn.CONCAT(RIGHT(LEFT($A$2,7),4),"-",A54) -> 2768-145 | C54: 346
A55: 123 | B55: =_xlfn.CONCAT(RIGHT(LEFT($A$2,7),4),"-",A55) -> 2768-123 | C55: 332
A56: 96 | B56: =_xlfn.CONCAT(RIGHT(LEFT($A$2,7),4),"-",A56) -> 2768-96 | C56: 146
A57: 148 | B57: =_xlfn.CONCAT(RIGHT(LEFT($A$2,7),4),"-",A57) -> 2768-148 | C57: 328
A58: 151 | B58: =_xlfn.CONCAT(RIGHT(LEFT($A$2,7),4),"-",A58) -> 2768-151 | C58: 128
A59: 137 | B59: =_xlfn.CONCAT(RIGHT(LEFT($A$2,7),4),"-",A59) -> 2768-137 | C59: 135
... A268: 113 | B268: =_xlfn.CONCAT(RIGHT(LEFT($A$2,7),4),"-",A268) -> 2768-113 | C268: 333
A269: ….............. | B269: =_xlfn.CONCAT(RIGHT(LEFT($A$2,7),4),"-",A269) -> 2768-….............. | C269: ….............. | E269: Faltan 4¿?
A270: ….............. | B270: =_xlfn.CONCAT(RIGHT(LEFT($A$2,7),4),"-",A270) -> 2768-….............. | C270: …..............
A271: ….............. | B271: =_xlfn.CONCAT(RIGHT(LEFT($A$2,7),4),"-",A271) -> 2768-….............. | C271: …..............
A272: ….............. | B272: =_xlfn.CONCAT(RIGHT(LEFT($A$2,7),4),"-",A272) -> 2768-….............. | C272: …..............

Sheet CEBAS ION2775
A1: ION2775-
A2: 24 | B2: =_xlfn.CONCAT(RIGHT(LEFT($A$1,7),4),"-",A2) -> 2775-24 | C2: 42
A3: 13 | B3: =_xlfn.CONCAT(RIGHT(LEFT($A$1,7),4),"-",A3) -> 2775-13 | C3: 1034
A4: 28 | B4: =_xlfn.CONCAT(RIGHT(LEFT($A$1,7),4),"-",A4) -> 2775-28 | C4: 130
A5: 16 | B5: =_xlfn.CONCAT(RIGHT(LEFT($A$1,7),4),"-",A5) -> 2775-16 | C5: 1025
A6: 30 | B6: =_xlfn.CONCAT(RIGHT(LEFT($A$1,7),4),"-",A6) -> 2775-30 | C6: 170
A7: 14 | B7: =_xlfn.CONCAT(RIGHT(LEFT($A$1,7),4),"-",A7) -> 2775-14 | C7: 1058
A8: 9 | B8: =_xlfn.CONCAT(RIGHT(LEFT($A$1,7),4),"-",A8) -> 2775-9 | C8: 378
A9: 23 | B9: =_xlfn.CONCAT(RIGHT(LEFT($A$1,7),4),"-",A9) -> 2775-23 | C9: 1015
A10: 17 | B10: =_xlfn.CONCAT(RIGHT(LEFT($A$1,7),4),"-",A10) -> 2775-17 | C10: 331
A11: 7 | B11: =_xlfn.CONCAT(RIGHT(LEFT($A$1,7),4),"-",A11) -> 2775-7 | C11: 1010
A12: 1 | B12: =_xlfn.CONCAT(RIGHT(LEFT($A$1,7),4),"-",A12) -> 2775-1 | C12: 187
A13: 4 | B13: =_xlfn.CONCAT(RIGHT(LEFT($A$1,7),4),"-",A13) -> 2775-4 | C13: 1057
... A29: 5 | B29: =_xlfn.CONCAT(RIGHT(LEFT($A$1,7),4),"-",A29) -> 2775-5 | C29: 1013
A30: …......... | B30: =_xlfn.CONCAT(RIGHT(LEFT($A$1,7),4),"-",A30) -> 2775-…......... | C30: …......... | D30: Faltan 2
A31: …......... | B31: =_xlfn.CONCAT(RIGHT(LEFT($A$1,7),4),"-",A31) -> 2775-…......... | C31: ….........

Sheet Hoja1
A3: Etiquetas de fila | B3: Promedio de Total Klassen lignin | C3: Desvest de Total Klassen lignin
A4: 1 | B4: 41.32223 | C4: 19.857375
A5: AA | B5: 41.592404 | C5: 18.41449
A6: FS | B6: 40.781883 | C6: 24.831352
A7: 2 | B7: 24.795071 | C7: 12.086914
A8: AA | B8: 27.44948 | C8: 13.484657
A9: FS | B9: 18.159047 | C9: 5.0905665
A10: 4 | B10: 39.317596 | C10: 23.083286
A11: AA | B11: 30.244272 | C11: 24.387996
A12: FS | B12: 52.927581 | C12: 13.032431
A13: Total general | B13: 37.382781 | C13: 20.585056

Sheet LIGNIN BILBAO
A1: Sample | B1: T (w/o cap) | C1: DW | D1: SampleCheck | E1: Dried sample W | F1: Non-soluble lignin (mg) | G1: 2 | H1: Dried Sample Corrected with tube | I1: Non-soluble lignin (mg) | J1: 3 | K1: Non soluble Lignin/100mg sample | L1: Soluble Lignin /100 mg | M1: Total Klassen lignin | N1: Code | O1: Species | P1: Diameter | Q1: Class
A2: 120 | B2: 11.4819 | C2: 116.7 | D2: =VLOOKUP(A2,'Lignin measurement Plates'!B$72:B$121,1,FALSE) -> 120 | E2: =VLOOKUP(A2,'Dried samples '!E$2:F$51,2,FALSE) -> 11.5409 | F2: =(E2-B2)*1000 -> 59 | G2: =C2-F2 -> 57.7 | H2: =E2-E$64 -> 11.53482 | I2: =(H2-B2)*1000 -> 52.92 | J2: =C2-I2 -> 63.78 | K2: =(J2/C2)*100 -> 54.652956 | L2: =VLOOKUP(A2,'Lignin measurement Plates'!D$182:F$231,2,FALSE) -> 0.10204856 | M2: =L2+K2 -> 54.755005 | N2: =VLOOKUP(A2,Hoja2!A$2:B$872,2,FALSE) -> 10-P1S4C4FS | O2: =IF(LEN('LIGNIN BILBAO'!N2)>6,RIGHT(LEFT('LIGNIN BILBAO'!N2,11),2),RIGHT((LEFT(N2,4)),2)) -> FS | P2: =IF(LEN('LIGNIN BILBAO'!$N2)>6,LEFT(N2,2),1) -> 10 | Q2: =IF(LEN('LIGNIN BILBAO'!$N2)>6,RIGHT(LEFT('LIGNIN BILBAO'!$N2,9),1),RIGHT(N2,1)) -> 4 | V2: =VLOOKUP(A2,Z$31:Z$80,1,FALSE) -> 120
A3: 157 | B3: 11.5596 | C3: 124.7 | D3: =VLOOKUP(A3,'Lignin measurement Plates'!B$72:B$121,1,FALSE) -> 157 | E3: =VLOOKUP(A3,'Dried samples '!E$2:F$51,2,FALSE) -> 11.6249 | F3: =(E3-B3)*1000 -> 65.3 | G3: =C3-F3 -> 59.4 | H3: =E3-E$64 -> 11.61882 | I3: =(H3-B3)*1000 -> 59.22 | J3: =C3-I3 -> 65.48 | K3: =(J3/C3)*100 -> 52.510024 | L3: =VLOOKUP(A3,'Lignin measurement Plates'!D$182:F$231,2,FALSE) -> 0.10653029 | M3: =L3+K3 -> 52.616554 | N3: =VLOOKUP(A3,Hoja2!A$2:B$872,2,FALSE) -> 10-P3S2C4FS | O3: =IF(LEN('LIGNIN BILBAO'!N3)>6,RIGHT(LEFT('LIGNIN BILBAO'!N3,11),2),RIGHT((LEFT(N3,4)),2)) -> FS | P3: =IF(LEN('LIGNIN BILBAO'!$N3)>6,LEFT(N3,2),1) -> 10 | Q3: =IF(LEN('LIGNIN BILBAO'!$N3)>6,RIGHT(LEFT('LIGNIN BILBAO'!$N3,9),1),RIGHT(N3,1)) -> 4 | V3: =VLOOKUP(A3,Z$31:Z$80,1,FALSE) -> 157
A4: 409 | B4: 11.4826 | C4: 118.7 | D4: =VLOOKUP(A4,'Lignin measurement Plates'!B$72:B$121,1,FALSE) -> 409 | E4: =VLOOKUP(A4,'Dried samples '!E$2:F$51,2,FALSE) -> 11.5635 | F4: =(E4-B4)*1000 -> 80.9 | G4: =C4-F4 -> 37.8 | H4: =E4-E$64 -> 11.55742 | I4: =(H4-B4)*1000 -> 74.82 | J4: =C4-I4 -> 43.88 | K4: =(J4/C4)*100 -> 36.967144 | L4: =VLOOKUP(A4,'Lignin measurement Plates'!D$182:F$231,2,FALSE) -> 0.093394121 | M4: =L4+K4 -> 37.060538 | N4: =VLOOKUP(A4,Hoja2!A$2:B$872,2,FALSE) -> 10-P6S5C1FS -b | O4: =IF(LEN('LIGNIN BILBAO'!N4)>6,RIGHT(LEFT('LIGNIN BILBAO'!N4,11),2),RIGHT((LEFT(N4,4)),2)) -> FS | P4: =IF(LEN('LIGNIN BILBAO'!$N4)>6,LEFT(N4,2),1) -> 10 | Q4: =IF(LEN('LIGNIN BILBAO'!$N4)>6,RIGHT(LEFT('LIGNIN BILBAO'!$N4,9),1),RIGHT(N4,1)) -> 1 | V4: =VLOOKUP(A4,Z$31:Z$80,1,FALSE) -> 409
A5: 84 | B5: 11.4655 | C5: 131.7 | D5: =VLOOKUP(A5,'Lignin measurement Plates'!B$72:B$121,1,FALSE) -> 84 | E5: =VLOOKUP(A5,'Dried samples '!E$2:F$51,2,FALSE) -> 11.527 | F5: =(E5-B5)*1000 -> 61.5 | G5: =C5-F5 -> 70.2 | H5: =E5-E$64 -> 11.52092 | I5: =(H5-B5)*1000 -> 55.42 | J5: =C5-I5 -> 76.28 | K5: =(J5/C5)*100 -> 57.919514 | L5: =VLOOKUP(A5,'Lignin measurement Plates'!D$182:F$231,2,FALSE) -> 0.088816318 | M5: =L5+K5 -> 58.00833 | N5: =VLOOKUP(A5,Hoja2!A$2:B$872,2,FALSE) -> 10-P1S3C4FS | O5: =IF(LEN('LIGNIN BILBAO'!N5)>6,RIGHT(LEFT('LIGNIN BILBAO'!N5,11),2),RIGHT((LEFT(N5,4)),2)) -> FS | P5: =IF(LEN('LIGNIN BILBAO'!$N5)>6,LEFT(N5,2),1) -> 10 | Q5: =IF(LEN('LIGNIN BILBAO'!$N5)>6,RIGHT(LEFT('LIGNIN BILBAO'!$N5,9),1),RIGHT(N5,1)) -> 4 | V5: =VLOOKUP(A5,Z$31:Z$80,1,FALSE) -> 84
A6: 118 | B6: 11.4395 | C6: 113.3 | D6: =VLOOKUP(A6,'Lignin measurement Plates'!B$72:B$121,1,FALSE) -> 118 | E6: =VLOOKUP(A6,'Dried samples '!E$2:F$51,2,FALSE) -> 11.478 | F6: =(E6-B6)*1000 -> 38.5 | G6: =C6-F6 -> 74.8 | H6: =E6-E$64 -> 11.47192 | I6: =(H6-B6)*1000 -> 32.42 | J6: =C6-I6 -> 80.88 | K6: =(J6/C6)*100 -> 71.385702 | L6: =VLOOKUP(A6,'Lignin measurement Plates'!D$182:F$231,2,FALSE) -> 0.089927262 | M6: =L6+K6 -> 71.475629 | N6: =VLOOKUP(A6,Hoja2!A$2:B$872,2,FALSE) -> 10-P1S4C1FS | O6: =IF(LEN('LIGNIN BILBAO'!N6)>6,RIGHT(LEFT('LIGNIN BILBAO'!N6,11),2),RIGHT((LEFT(N6,4)),2)) -> FS | P6: =IF(LEN('LIGNIN BILBAO'!$N6)>6,LEFT(N6,2),1) -> 10 | Q6: =IF(LEN('LIGNIN BILBAO'!$N6)>6,RIGHT(LEFT('LIGNIN BILBAO'!$N6,9),1),RIGHT(N6,1)) -> 1 | V6: =VLOOKUP(A6,Z$31:Z$80,1,FALSE) -> 118
A7: 373 | B7: 11.5601 | C7: 138.7 | D7: =VLOOKUP(A7,'Lignin measurement Plates'!B$72:B$121,1,FALSE) -> 373 | E7: =VLOOKUP(A7,'Dried samples '!E$2:F$51,2,FALSE) -> 11.6334 | F7: =(E7-B7)*1000 -> 73.3 | G7: =C7-F7 -> 65.4 | H7: =E7-E$64 -> 11.62732 | I7: =(H7-B7)*1000 -> 67.22 | J7: =C7-I7 -> 71.48 | K7: =(J7/C7)*100 -> 51.535689 | L7: =VLOOKUP(A7,'Lignin measurement Plates'!D$182:F$231,2,FALSE) -> 0.084831424 | M7: =L7+K7 -> 51.62052 | N7: =VLOOKUP(A7,Hoja2!A$2:B$872,2,FALSE) -> 10-P6S3C1FS -b | O7: =IF(LEN('LIGNIN BILBAO'!N7)>6,RIGHT(LEFT('LIGNIN BILBAO'!N7,11),2),RIGHT((LEFT(N7,4)),2)) -> FS | P7: =IF(LEN('LIGNIN BILBAO'!$N7)>6,LEFT(N7,2),1) -> 10 | Q7: =IF(LEN('LIGNIN BILBAO'!$N7)>6,RIGHT(LEFT('LIGNIN BILBAO'!$N7,9),1),RIGHT(N7,1)) -> 1 | V7: =VLOOKUP(A7,Z$31:Z$80,1,FALSE) -> 373
A8: 355 | B8: 11.4847 | C8: 207.4 | D8: =VLOOKUP(A8,'Lignin measurement Plates'!B$72:B$121,1,FALSE) -> 355 | E8: =VLOOKUP(A8,'Dried samples '!E$2:F$51,2,FALSE) -> 11.6148 | F8: =(E8-B8)*1000 -> 130.1 | G8: =C8-F8 -> 77.3 | H8: =E8-E$64 -> 11.60872 | I8: =(H8-B8)*1000 -> 124.02 | J8: =C8-I8 -> 83.38 | K8: =(J8/C8)*100 -> 40.202507 | L8: =VLOOKUP(A8,'Lignin measurement Plates'!D$182:F$231,2,FALSE) -> 0.087390793 | M8: =L8+K8 -> 40.289898 | N8: =VLOOKUP(A8,Hoja2!A$2:B$872,2,FALSE) -> 10-P6S2C1FS -b | O8: =IF(LEN('LIGNIN BILBAO'!N8)>6,RIGHT(LEFT('LIGNIN BILBAO'!N8,11),2),RIGHT((LEFT(N8,4)),2)) -> FS | P8: =IF(LEN('LIGNIN BILBAO'!$N8)>6,LEFT(N8,2),1) -> 10 | Q8: =IF(LEN('LIGNIN BILBAO'!$N8)>6,RIGHT(LEFT('LIGNIN BILBAO'!$N8,9),1),RIGHT(N8,1)) -> 1 | V8: =VLOOKUP(A8,Z$31:Z$80,1,FALSE) -> 355
A9: 368 | B9: 11.4946 | C9: 109.6 | D9: =VLOOKUP(A9,'Lignin measurement Plates'!B$72:B$121,1,FALSE) -> 368 | E9: =VLOOKUP(A9,'Dried samples '!E$2:F$51,2,FALSE) -> 11.5561 | F9: =(E9-B9)*1000 -> 61.5 | G9: =C9-F9 -> 48.1 | H9: =E9-E$64 -> 11.55002 | I9: =(H9-B9)*1000 -> 55.42 | J9: =C9-I9 -> 54.18 | K9: =(J9/C9)*100 -> 49.434307 | L9: =VLOOKUP(A9,'Lignin measurement Plates'!D$182:F$231,2,FALSE) -> 0.016370865 | M9: =L9+K9 -> 49.450677 | N9: =VLOOKUP(A9,Hoja2!A$2:B$872,2,FALSE) -> 10-P6S3C2AA | O9: =IF(LEN('LIGNIN BILBAO'!N9)>6,RIGHT(LEFT('LIGNIN BILBAO'!N9,11),2),RIGHT((LEFT(N9,4)),2)) -> AA | P9: =IF(LEN('LIGNIN BILBAO'!$N9)>6,LEFT(N9,2),1) -> 10 | Q9: =IF(LEN('LIGNIN BILBAO'!$N9)>6,RIGHT(LEFT('LIGNIN BILBAO'!$N9,9),1),RIGHT(N9,1)) -> 2 | V9: =VLOOKUP(A9,Z$31:Z$80,1,FALSE) -> 368
A10: 142 | B10: 11.4493 | C10: 104.2 | D10: =VLOOKUP(A10,'Lignin measurement Plates'!B$72:B$121,1,FALSE) -> 142 | E10: =VLOOKUP(A10,'Dried samples '!E$2:F$51,2,FALSE) -> 11.5116 | F10: =(E10-B10)*1000 -> 62.3 | G10: =C10-F10 -> 41.9 | H10: =E10-E$64 -> 11.50552 | I10: =(H10-B10)*1000 -> 56.22 | J10: =C10-I10 -> 47.98 | K10: =(J10/C10)*100 -> 46.046065 | L10: =VLOOKUP(A10,'Lignin measurement Plates'!D$182:F$231,2,FALSE) -> 0.033303183 | M10: =L10+K10 -> 46.079368 | N10: =VLOOKUP(A10,Hoja2!A$2:B$872,2,FALSE) -> 10-P3S1C4AA | O10: =IF(LEN('LIGNIN BILBAO'!N10)>6,RIGHT(LEFT('LIGNIN BILBAO'!N10,11),2),RIGHT((LEFT(N10,4)),2)) -> AA | P10: =IF(LEN('LIGNIN BILBAO'!$N10)>6,LEFT(N10,2),1) -> 10 | Q10: =IF(LEN('LIGNIN BILBAO'!$N10)>6,RIGHT(LEFT('LIGNIN BILBAO'!$N10,9),1),RIGHT(N10,1)) -> 4 | V10: =VLOOKUP(A10,Z$31:Z$80,1,FALSE) -> 142
A11: 385 | B11: 11.4272 | C11: 112 | D11: =VLOOKUP(A11,'Lignin measurement Plates'!B$72:B$121,1,FALSE) -> 385 | E11: =VLOOKUP(A11,'Dried samples '!E$2:F$51,2,FALSE) -> 11.4893 | F11: =(E11-B11)*1000 -> 62.1 | G11: =C11-F11 -> 49.9 | H11: =E11-E$64 -> 11.48322 | I11: =(H11-B11)*1000 -> 56.02 | J11: =C11-I11 -> 55.98 | K11: =(J11/C11)*100 -> 49.982143 | L11: =VLOOKUP(A11,'Lignin measurement Plates'!D$182:F$231,2,FALSE) -> 0.01522786 | M11: =L11+K11 -> 49.997371 | N11: =VLOOKUP(A11,Hoja2!A$2:B$872,2,FALSE) -> 10-P6S4C1AA -b | O11: =IF(LEN('LIGNIN BILBAO'!N11)>6,RIGHT(LEFT('LIGNIN BILBAO'!N11,11),2),RIGHT((LEFT(N11,4)),2)) -> AA | P11: =IF(LEN('LIGNIN BILBAO'!$N11)>6,LEFT(N11,2),1) -> 10 | Q11: =IF(LEN('LIGNIN BILBAO'!$N11)>6,RIGHT(LEFT('LIGNIN BILBAO'!$N11,9),1),RIGHT(N11,1)) -> 1 | V11: =VLOOKUP(A11,Z$31:Z$80,1,FALSE) -> 385
A12: 331 | B12: 11.5023 | C12: 118.2 | D12: =VLOOKUP(A12,'Lignin measurement Plates'!B$72:B$121,1,FALSE) -> 331 | E12: =VLOOKUP(A12,'Dried samples '!E$2:F$51,2,FALSE) -> 11.5666 | F12: =(E12-B12)*1000 -> 64.3 | G12: =C12-F12 -> 53.9 | H12: =E12-E$64 -> 11.56052 | I12: =(H12-B12)*1000 -> 58.22 | J12: =C12-I12 -> 59.98 | K12: =(J12/C12)*100 -> 50.744501 | L12: =VLOOKUP(A12,'Lignin measurement Plates'!D$182:F$231,2,FALSE) -> 0.013511648 | M12: =L12+K12 -> 50.758012 | N12: =VLOOKUP(A12,Hoja2!A$2:B$872,2,FALSE) -> 10-P6S1C1AA -b | O12: =IF(LEN('LIGNIN BILBAO'!N12)>6,RIGHT(LEFT('LIGNIN BILBAO'!N12,11),2),RIGHT((LEFT(N12,4)),2)) -> AA | P12: =IF(LEN('LIGNIN BILBAO'!$N12)>6,LEFT(N12,2),1) -> 10 | Q12: =IF(LEN('LIGNIN BILBAO'!$N12)>6,RIGHT(LEFT('LIGNIN BILBAO'!$N12,9),1),RIGHT(N12,1)) -> 1 | V12: =VLOOKUP(A12,Z$31:Z$80,1,FALSE) -> 331
A13: 127 | B13: 11.4607 | C13: 110.4 | D13: =VLOOKUP(A13,'Lignin measurement Plates'!B$72:B$121,1,FALSE) -> 127 | E13: =VLOOKUP(A13,'Dried samples '!E$2:F$51,2,FALSE) -> 11.5242 | F13: =(E13-B13)*1000 -> 63.5 | G13: =C13-F13 -> 46.9 | H13: =E13-E$64 -> 11.51812 | I13: =(H13-B13)*1000 -> 57.42 | J13: =C13-I13 -> 52.98 | K13: =(J13/C13)*100 -> 47.98913 | L13: =VLOOKUP(A13,'Lignin measurement Plates'!D$182:F$231,2,FALSE) -> 0.015939693 | M13: =L13+K13 -> 48.00507 | N13: =VLOOKUP(A13,Hoja2!A$2:B$872,2,FALSE) -> 10-P1S5C1AA | O13: =IF(LEN('LIGNIN BILBAO'!N13)>6,RIGHT(LEFT('LIGNIN BILBAO'!N13,11),2),RIGHT((LEFT(N13,4)),2)) -> AA | P13: =IF(LEN('LIGNIN BILBAO'!$N13)>6,LEFT(N13,2),1) -> 10 | Q13: =IF(LEN('LIGNIN BILBAO'!$N13)>6,RIGHT(LEFT('LIGNIN BILBAO'!$N13,9),1),RIGHT(N13,1)) -> 1 | V13: =VLOOKUP(A13,Z$31:Z$80,1,FALSE) -> 127
A14: 146 | B14: 11.4411 | C14: 115.5 | D14: =VLOOKUP(A14,'Lignin measurement Plates'!B$72:B$121,1,FALSE) -> 146 | E14: =VLOOKUP(A14,'Dried samples '!E$2:F$51,2,FALSE) -> 11.5568 | F14: =(E14-B14)*1000 -> 115.7 | G14: =C14-F14 -> -0.2 | H14: =E14-E$64 -> 11.55072 | I14: =(H14-B14)*1000 -> 109.62 | J14: =C14-I14 -> 5.88 | K14: =(J14/C14)*100 -> 5.0909091 | L14: =VLOOKUP(A14,'Lignin measurement Plates'!D$182:F$231,2,FALSE) -> 0.021424097 | M14: =L14+K14 -> 5.1123332 | N14: =VLOOKUP(A14,Hoja2!A$2:B$872,2,FALSE) -> 25-P3S2C1AA | O14: =IF(LEN('LIGNIN BILBAO'!N14)>6,RIGHT(LEFT('LIGNIN BILBAO'!N14,11),2),RIGHT((LEFT(N14,4)),2)) -> AA | P14: =IF(LEN('LIGNIN BILBAO'!$N14)>6,LEFT(N14,2),1) -> 25 | Q14: =IF(LEN('LIGNIN BILBAO'!$N14)>6,RIGHT(LEFT('LIGNIN BILBAO'!$N14,9),1),RIGHT(N14,1)) -> 1 | V14: =VLOOKUP(A14,Z$31:Z$80,1,FALSE) -> 146 | Z14: 1023 | AA14: 11.5091 | AB14: 144.4 | AC14: 1023 | AD14: 11.676 | AE14: 166.9 | AF14: -22.5
A15: 7 | B15: 11.483 | C15: 109.5 | D15: =VLOOKUP(A15,'Lignin measurement Plates'!B$72:B$121,1,FALSE) -> 7 | E15: =VLOOKUP(A15,'Dried samples '!E$2:F$51,2,FALSE) -> 11.5268 | F15: =(E15-B15)*1000 -> 43.8 | G15: =C15-F15 -> 65.7 | H15: =E15-E$64 -> 11.52072 | I15: =(H15-B15)*1000 -> 37.72 | J15: =C15-I15 -> 71.78 | K15: =(J15/C15)*100 -> 65.552511 | L15: =VLOOKUP(A15,'Lignin measurement Plates'!D$182:F$231,2,FALSE) -> 0.014540161 | M15: =L15+K15 -> 65.567052 | N15: =VLOOKUP(A15,Hoja2!A$2:B$872,2,FALSE) -> 10-P1S1C1AA | O15: =IF(LEN('LIGNIN BILBAO'!N15)>6,RIGHT(LEFT('LIGNIN BILBAO'!N15,11),2),RIGHT((LEFT(N15,4)),2)) -> AA | P15: =IF(LEN('LIGNIN BILBAO'!$N15)>6,LEFT(N15,2),1) -> 10 | Q15: =IF(LEN('LIGNIN BILBAO'!$N15)>6,RIGHT(LEFT('LIGNIN BILBAO'!$N15,9),1),RIGHT(N15,1)) -> 1 | V15: =VLOOKUP(A15,Z$31:Z$80,1,FALSE) -> 7 | Z15: 75 | AA15: 11.5125 | AB15: 107.2 | AC15: 75 | AD15: 11.6677 | AE15: 155.2 | AF15: -48
A16: 176 | B16: 11.4049 | C16: 137.6 | D16: =VLOOKUP(A16,'Lignin measurement Plates'!B$72:B$121,1,FALSE) -> 176 | E16: =VLOOKUP(A16,'Dried samples '!E$2:F$51,2,FALSE) -> 11.5654 | F16: =(E16-B16)*1000 -> 160.5 | G16: =C16-F16 -> -22.9 | H16: =E16-E$64 -> 11.55932 | I16: =(H16-B16)*1000 -> 154.42 | J16: =C16-I16 -> -16.82 | K16: =(J16/C16)*100 -> -12.223837 | L16: =VLOOKUP(A16,'Lignin measurement Plates'!D$182:F$231,2,FALSE) -> 0.042772703 | N16: =VLOOKUP(A16,Hoja2!A$2:B$872,2,FALSE) -> 10-P3S4C1AA | O16: =IF(LEN('LIGNIN BILBAO'!N16)>6,RIGHT(LEFT('LIGNIN BILBAO'!N16,11),2),RIGHT((LEFT(N16,4)),2)) -> AA | P16: =IF(LEN('LIGNIN BILBAO'!$N16)>6,LEFT(N16,2),1) -> 10 | Q16: =IF(LEN('LIGNIN BILBAO'!$N16)>6,RIGHT(LEFT('LIGNIN BILBAO'!$N16,9),1),RIGHT(N16,1)) -> 1 | V16: =VLOOKUP(A16,Z$31:Z$80,1,FALSE) -> 176 | Z16: 396 | AA16: 11.4609 | AB16: 159.1 | AC16: 396 | AD16: 11.637 | AE16: 176.1 | AF16: -17
A17: 708 | B17: 11.4801 | C17: 124 | D17: =VLOOKUP(A17,'Lignin measurement Plates'!B$72:B$121,1,FALSE) -> 708 | E17: =VLOOKUP(A17,'Dried samples '!E$2:F$51,2,FALSE) -> 11.5782 | F17: =(E17-B17)*1000 -> 98.1 | G17: =C17-F17 -> 25.9 | H17: =E17-E$64 -> 11.57212 | I17: =(H17-B17)*1000 -> 92.02 | J17: =C17-I17 -> 31.98 | K17: =(J17/C17)*100 -> 25.790323 | L17: =VLOOKUP(A17,'Lignin measurement Plates'!D$182:F$231,2,FALSE) -> 0.026156824 | M17: =L17+K17 -> 25.816479 | N17: =VLOOKUP(A17,Hoja2!A$2:B$872,2,FALSE) -> 10-P2S4C1AA | O17: =IF(LEN('LIGNIN BILBAO'!N17)>6,RIGHT(LEFT('LIGNIN BILBAO'!N17,11),2),RIGHT((LEFT(N17,4)),2)) -> AA | P17: =IF(LEN('LIGNIN BILBAO'!$N17)>6,LEFT(N17,2),1) -> 10 | Q17: =IF(LEN('LIGNIN BILBAO'!$N17)>6,RIGHT(LEFT('LIGNIN BILBAO'!$N17,9),1),RIGHT(N17,1)) -> 1 | V17: =VLOOKUP(A17,Z$31:Z$80,1,FALSE) -> 708
A18: 189 | B18: 11.4805 | C18: 166.4 | D18: =VLOOKUP(A18,'Lignin measurement Plates'!B$72:B$121,1,FALSE) -> 189 | E18: =VLOOKUP(A18,'Dried samples '!E$2:F$51,2,FALSE) -> 11.6185 | F18: =(E18-B18)*1000 -> 138 | G18: =C18-F18 -> 28.4 | H18: =E18-E$64 -> 11.61242 | I18: =(H18-B18)*1000 -> 131.92 | J18: =C18-I18 -> 34.48 | K18: =(J18/C18)*100 -> 20.721154 | L18: =VLOOKUP(A18,'Lignin measurement Plates'!D$182:F$231,2,FALSE) -> 0.017921851 | M18: =L18+K18 -> 20.739076 | N18: =VLOOKUP(A18,Hoja2!A$2:B$872,2,FALSE) -> 10-P3S5C2AA | O18: =IF(LEN('LIGNIN BILBAO'!N18)>6,RIGHT(LEFT('LIGNIN BILBAO'!N18,11),2),RIGHT((LEFT(N18,4)),2)) -> AA | P18: =IF(LEN('LIGNIN BILBAO'!$N18)>6,LEFT(N18,2),1) -> 10 | Q18: =IF(LEN('LIGNIN BILBAO'!$N18)>6,RIGHT(LEFT('LIGNIN BILBAO'!$N18,9),1),RIGHT(N18,1)) -> 2 | V18: =VLOOKUP(A18,Z$31:Z$80,1,FALSE) -> 189
A19: 1047 | B19: 11.405 | C19: 122.5 | D19: =VLOOKUP(A19,'Lignin measurement Plates'!B$72:B$121,1,FALSE) -> 1047 | E19: =VLOOKUP(A19,'Dried samples '!E$2:F$51,2,FALSE) -> 11.5905 | F19: =(E19-B19)*1000 -> 185.5 | G19: =C19-F19 -> -63 | H19: =E19-E$64 -> 11.58442 | I19: =(H19-B19)*1000 -> 179.42 | J19: =C19-I19 -> -56.92 | K19: =(J19/C19)*100 -> -46.465306 | L19: =VLOOKUP(A19,'Lignin measurement Plates'!D$182:F$231,2,FALSE) -> 0.095164695 | N19: =VLOOKUP(A19,Hoja2!A$2:B$872,2,FALSE) -> 64FS2 | O19: =IF(LEN('LIGNIN BILBAO'!N19)>6,RIGHT(LEFT('LIGNIN BILBAO'!N19,11),2),RIGHT((LEFT(N19,4)),2)) -> FS | P19: =IF(LEN('LIGNIN BILBAO'!$N19)>6,LEFT(N19,2),1) -> 1 | Q19: =IF(LEN('LIGNIN BILBAO'!$N19)>6,RIGHT(LEFT('LIGNIN BILBAO'!$N19,9),1),RIGHT(N19,1)) -> 2 | V19: =VLOOKUP(A19,Z$31:Z$80,1,FALSE) -> 1047 | Z19: 1023 | AA19: 11.5091 | AB19: 144.4 | AC19: 1023 | AD19: 11.6324 | AE19: 123.3 | AF19: 21.1
A20: 1070 | B20: 11.503 | C20: 150.5 | D20: =VLOOKUP(A20,'Lignin measurement Plates'!B$72:B$121,1,FALSE) -> 1070 | E20: =VLOOKUP(A20,'Dried samples '!E$2:F$51,2,FALSE) -> 11.6545 | F20: =(E20-B20)*1000 -> 151.5 | G20: =C20-F20 -> -1 | H20: =E20-E$64 -> 11.64842 | I20: =(H20-B20)*1000 -> 145.42 | J20: =C20-I20 -> 5.08 | K20: =(J20/C20)*100 -> 3.3754153 | L20: =VLOOKUP(A20,'Lignin measurement Plates'!D$182:F$231,2,FALSE) -> 0.087416392 | M20: =L20+K20 -> 3.4628317 | N20: =VLOOKUP(A20,Hoja2!A$2:B$872,2,FALSE) -> 33FS1 | O20: =IF(LEN('LIGNIN BILBAO'!N20)>6,RIGHT(LEFT('LIGNIN BILBAO'!N20,11),2),RIGHT((LEFT(N20,4)),2)) -> FS | P20: =IF(LEN('LIGNIN BILBAO'!$N20)>6,LEFT(N20,2),1) -> 1 | Q20: =IF(LEN('LIGNIN BILBAO'!$N20)>6,RIGHT(LEFT('LIGNIN BILBAO'!$N20,9),1),RIGHT(N20,1)) -> 1 | V20: =VLOOKUP(A20,Z$31:Z$80,1,FALSE) -> 1070 | Z20: 75 | AA20: 11.5125 | AB20: 107.2 | AC20: 75 | AD20: 11.622 | AE20: 109.5 | AF20: -2.3
A21: 1048 | B21: 11.5105 | C21: 136.2 | D21: =VLOOKUP(A21,'Lignin measurement Plates'!B$72:B$121,1,FALSE) -> 1048 | E21: =VLOOKUP(A21,'Dried samples '!E$2:F$51,2,FALSE) -> 11.5658 | F21: =(E21-B21)*1000 -> 55.3 | G21: =C21-F21 -> 80.9 | H21: =E21-E$64 -> 11.55972 | I21: =(H21-B21)*1000 -> 49.22 | J21: =C21-I21 -> 86.98 | K21: =(J21/C21)*100 -> 63.861968 | L21: =VLOOKUP(A21,'Lignin measurement Plates'!D$182:F$231,2,FALSE) -> 0.093952509 | M21: =L21+K21 -> 63.95592 | N21: =VLOOKUP(A21,Hoja2!A$2:B$872,2,FALSE) -> 64FS4 | O21: =IF(LEN('LIGNIN BILBAO'!N21)>6,RIGHT(LEFT('LIGNIN BILBAO'!N21,11),2),RIGHT((LEFT(N21,4)),2)) -> FS | P21: =IF(LEN('LIGNIN BILBAO'!$N21)>6,LEFT(N21,2),1) -> 1 | Q21: =IF(LEN('LIGNIN BILBAO'!$N21)>6,RIGHT(LEFT('LIGNIN BILBAO'!$N21,9),1),RIGHT(N21,1)) -> 4 | V21: =VLOOKUP(A21,Z$31:Z$80,1,FALSE) -> 1048 | Z21: 362 | AA21: 11.4815 | AB21: 109.2 | AC21: 362 | AD21: 11.5474 | AE21: 65.9 | AF21: 43.3
A22: 1089 | B22: 11.4655 | C22: 141.5 | D22: =VLOOKUP(A22,'Lignin measurement Plates'!B$72:B$121,1,FALSE) -> 1089 | E22: =VLOOKUP(A22,'Dried samples '!E$2:F$51,2,FALSE) -> 11.5926 | F22: =(E22-B22)*1000 -> 127.1 | G22: =C22-F22 -> 14.4 | H22: =E22-E$64 -> 11.58652 | I22: =(H22-B22)*1000 -> 121.02 | J22: =C22-I22 -> 20.48 | K22: =(J22/C22)*100 -> 14.473498 | L22: =VLOOKUP(A22,'Lignin measurement Plates'!D$182:F$231,2,FALSE) -> 0.085974472 | M22: =L22+K22 -> 14.559473 | N22: =VLOOKUP(A22,Hoja2!A$2:B$872,2,FALSE) -> 65FS2 | O22: =IF(LEN('LIGNIN BILBAO'!N22)>6,RIGHT(LEFT('LIGNIN BILBAO'!N22,11),2),RIGHT((LEFT(N22,4)),2)) -> FS | P22: =IF(LEN('LIGNIN BILBAO'!$N22)>6,LEFT(N22,2),1) -> 1 | Q22: =IF(LEN('LIGNIN BILBAO'!$N22)>6,RIGHT(LEFT('LIGNIN BILBAO'!$N22,9),1),RIGHT(N22,1)) -> 2 | V22: =VLOOKUP(A22,Z$31:Z$80,1,FALSE) -> 1089
A23: 1023 | B23: 11.5091 | C23: 144.4 | D23: =VLOOKUP(A23,'Lignin measurement Plates'!B$72:B$121,1,FALSE) -> 1023 | E23: =VLOOKUP(A23,'Dried samples '!E$2:F$51,2,FALSE) -> 11.6283 | F23: =(E23-B23)*1000 -> 119.2 | G23: =C23-F23 -> 25.2 | H23: =E23-E$64 -> 11.62222 | I23: =(H23-B23)*1000 -> 113.12 | J23: =C23-I23 -> 31.28 | K23: =(J23/C23)*100 -> 21.66205 | L23: =VLOOKUP(A23,'Lignin measurement Plates'!D$182:F$231,2,FALSE) -> 0.096570962 | M23: =L23+K23 -> 21.758621 | N23: =VLOOKUP(A23,Hoja2!A$2:B$872,2,FALSE) -> 31FS2 | O23: =IF(LEN('LIGNIN BILBAO'!N23)>6,RIGHT(LEFT('LIGNIN BILBAO'!N23,11),2),RIGHT((LEFT(N23,4)),2)) -> FS | P23: =IF(LEN('LIGNIN BILBAO'!$N23)>6,LEFT(N23,2),1) -> 1 | Q23: =IF(LEN('LIGNIN BILBAO'!$N23)>6,RIGHT(LEFT('LIGNIN BILBAO'!$N23,9),1),RIGHT(N23,1)) -> 2 | V23: =VLOOKUP(A23,Z$31:Z$80,1,FALSE) -> 1023
A24: 1072 | B24: 11.4125 | C24: 115.7 | D24: =VLOOKUP(A24,'Lignin measurement Plates'!B$72:B$121,1,FALSE) -> 1072 | E24: =VLOOKUP(A24,'Dried samples '!E$2:F$51,2,FALSE) -> 11.5024 | F24: =(E24-B24)*1000 -> 89.9 | G24: =C24-F24 -> 25.8 | H24: =E24-E$64 -> 11.49632 | I24: =(H24-B24)*1000 -> 83.82 | J24: =C24-I24 -> 31.88 | K24: =(J24/C24)*100 -> 27.554019 | L24: =VLOOKUP(A24,'Lignin measurement Plates'!D$182:F$231,2,FALSE) -> 0.083290257 | M24: =L24+K24 -> 27.637309 | N24: =VLOOKUP(A24,Hoja2!A$2:B$872,2,FALSE) -> 33FS4 | O24: =IF(LEN('LIGNIN BILBAO'!N24)>6,RIGHT(LEFT('LIGNIN BILBAO'!N24,11),2),RIGHT((LEFT(N24,4)),2)) -> FS | P24: =IF(LEN('LIGNIN BILBAO'!$N24)>6,LEFT(N24,2),1) -> 1 | Q24: =IF(LEN('LIGNIN BILBAO'!$N24)>6,RIGHT(LEFT('LIGNIN BILBAO'!$N24,9),1),RIGHT(N24,1)) -> 4 | V24: =VLOOKUP(A24,Z$31:Z$80,1,FALSE) -> 1072
A25: 1018 | B25: 11.4642 | C25: 105.1 | D25: =VLOOKUP(A25,'Lignin measurement Plates'!B$72:B$121,1,FALSE) -> 1018 | E25: =VLOOKUP(A25,'Dried samples '!E$2:F$51,2,FALSE) -> 11.5118 | F25: =(E25-B25)*1000 -> 47.6 | G25: =C25-F25 -> 57.5 | H25: =E25-E$64 -> 11.50572 | I25: =(H25-B25)*1000 -> 41.52 | J25: =C25-I25 -> 63.58 | K25: =(J25/C25)*100 -> 60.494767 | L25: =VLOOKUP(A25,'Lignin measurement Plates'!D$182:F$231,2,FALSE) -> 0.097600078 | M25: =L25+K25 -> 60.592367 | N25: =VLOOKUP(A25,Hoja2!A$2:B$872,2,FALSE) -> 15FS4 | O25: =IF(LEN('LIGNIN BILBAO'!N25)>6,RIGHT(LEFT('LIGNIN BILBAO'!N25,11),2),RIGHT((LEFT(N25,4)),2)) -> FS | P25: =IF(LEN('LIGNIN BILBAO'!$N25)>6,LEFT(N25,2),1) -> 1 | Q25: =IF(LEN('LIGNIN BILBAO'!$N25)>6,RIGHT(LEFT('LIGNIN BILBAO'!$N25,9),1),RIGHT(N25,1)) -> 4 | V25: =VLOOKUP(A25,Z$31:Z$80,1,FALSE) -> 1018
A26: 1032 | B26: 11.4968 | C26: 151.3 | D26: =VLOOKUP(A26,'Lignin measurement Plates'!B$72:B$121,1,FALSE) -> 1032 | E26: =VLOOKUP(A26,'Dried samples '!E$2:F$51,2,FALSE) -> 11.6089 | F26: =(E26-B26)*1000 -> 112.1 | G26: =C26-F26 -> 39.2 | H26: =E26-E$64 -> 11.60282 | I26: =(H26-B26)*1000 -> 106.02 | J26: =C26-I26 -> 45.28 | K26: =(J26/C26)*100 -> 29.927297 | L26: =VLOOKUP(A26,'Lignin measurement Plates'!D$182:F$231,2,FALSE) -> 0.016680606 | M26: =L26+K26 -> 29.943977 | N26: =VLOOKUP(A26,Hoja2!A$2:B$872,2,FALSE) -> 35AA2 | O26: =IF(LEN('LIGNIN BILBAO'!N26)>6,RIGHT(LEFT('LIGNIN BILBAO'!N26,11),2),RIGHT((LEFT(N26,4)),2)) -> AA | P26: =IF(LEN('LIGNIN BILBAO'!$N26)>6,LEFT(N26,2),1) -> 1 | Q26: =IF(LEN('LIGNIN BILBAO'!$N26)>6,RIGHT(LEFT('LIGNIN BILBAO'!$N26,9),1),RIGHT(N26,1)) -> 2 | V26: =VLOOKUP(A26,Z$31:Z$80,1,FALSE) -> 1032
A27: 1007 | B27: 11.4045 | C27: 107.3 | D27: =VLOOKUP(A27,'Lignin measurement Plates'!B$72:B$121,1,FALSE) -> 1007 | E27: =VLOOKUP(A27,'Dried samples '!E$2:F$51,2,FALSE) -> 11.5607 | F27: =(E27-B27)*1000 -> 156.2 | G27: =C27-F27 -> -48.9 | H27: =E27-E$64 -> 11.55462 | I27: =(H27-B27)*1000 -> 150.12 | J27: =C27-I27 -> -42.82 | K27: =(J27/C27)*100 -> -39.906803 | L27: =VLOOKUP(A27,'Lignin measurement Plates'!D$182:F$231,2,FALSE) -> 0.031008792 | N27: =VLOOKUP(A27,Hoja2!A$2:B$872,2,FALSE) -> 12AA1 | O27: =IF(LEN('LIGNIN BILBAO'!N27)>6,RIGHT(LEFT('LIGNIN BILBAO'!N27,11),2),RIGHT((LEFT(N27,4)),2)) -> AA | P27: =IF(LEN('LIGNIN BILBAO'!$N27)>6,LEFT(N27,2),1) -> 1 | Q27: =IF(LEN('LIGNIN BILBAO'!$N27)>6,RIGHT(LEFT('LIGNIN BILBAO'!$N27,9),1),RIGHT(N27,1)) -> 1 | V27: =VLOOKUP(A27,Z$31:Z$80,1,FALSE) -> 1007
A28: 1055 | B28: 11.4835 | C28: 116.4 | D28: =VLOOKUP(A28,'Lignin measurement Plates'!B$72:B$121,1,FALSE) -> 1055 | E28: =VLOOKUP(A28,'Dried samples '!E$2:F$51,2,FALSE) -> 11.5633 | F28: =(E28-B28)*1000 -> 79.8 | G28: =C28-F28 -> 36.6 | H28: =E28-E$64 -> 11.55722 | I28: =(H28-B28)*1000 -> 73.72 | J28: =C28-I28 -> 42.68 | K28: =(J28/C28)*100 -> 36.666667 | L28: =VLOOKUP(A28,'Lignin measurement Plates'!D$182:F$231,2,FALSE) -> 0.022698262 | M28: =L28+K28 -> 36.689365 | N28: =VLOOKUP(A28,Hoja2!A$2:B$872,2,FALSE) -> 14AA1 | O28: =IF(LEN('LIGNIN BILBAO'!N28)>6,RIGHT(LEFT('LIGNIN BILBAO'!N28,11),2),RIGHT((LEFT(N28,4)),2)) -> AA | P28: =IF(LEN('LIGNIN BILBAO'!$N28)>6,LEFT(N28,2),1) -> 1 | Q28: =IF(LEN('LIGNIN BILBAO'!$N28)>6,RIGHT(LEFT('LIGNIN BILBAO'!$N28,9),1),RIGHT(N28,1)) -> 1 | V28: =VLOOKUP(A28,Z$31:Z$80,1,FALSE) -> 1055
A29: 1039 | B29: 11.4035 | C29: 122.1 | D29: =VLOOKUP(A29,'Lignin measurement Plates'!B$72:B$121,1,FALSE) -> 1039 | E29: =VLOOKUP(A29,'Dried samples '!E$2:F$51,2,FALSE) -> 11.4888 | F29: =(E29-B29)*1000 -> 85.3 | G29: =C29-F29 -> 36.8 | H29: =E29-E$64 -> 11.48272 | I29: =(H29-B29)*1000 -> 79.22 | J29: =C29-I29 -> 42.88 | K29: =(J29/C29)*100 -> 35.118755 | L29: =VLOOKUP(A29,'Lignin measurement Plates'!D$182:F$231,2,FALSE) -> 0.032942405 | M29: =L29+K29 -> 35.151698 | N29: =VLOOKUP(A29,Hoja2!A$2:B$872,2,FALSE) -> 63AA4 | O29: =IF(LEN('LIGNIN BILBAO'!N29)>6,RIGHT(LEFT('LIGNIN BILBAO'!N29,11),2),RIGHT((LEFT(N29,4)),2)) -> AA | P29: =IF(LEN('LIGNIN BILBAO'!$N29)>6,LEFT(N29,2),1) -> 1 | Q29: =IF(LEN('LIGNIN BILBAO'!$N29)>6,RIGHT(LEFT('LIGNIN BILBAO'!$N29,9),1),RIGHT(N29,1)) -> 4 | V29: =VLOOKUP(A29,Z$31:Z$80,1,FALSE) -> 1039
A30: 1019 | B30: 11.5084 | C30: 133 | D30: =VLOOKUP(A30,'Lignin measurement Plates'!B$72:B$121,1,FALSE) -> 1019 | E30: =VLOOKUP(A30,'Dried samples '!E$2:F$51,2,FALSE) -> 11.758 | F30: =(E30-B30)*1000 -> 249.6 | G30: =C30-F30 -> -116.6 | H30: =E30-E$64 -> 11.75192 | I30: =(H30-B30)*1000 -> 243.52 | J30: =C30-I30 -> -110.52 | K30: =(J30/C30)*100 -> -83.097744 | L30: =VLOOKUP(A30,'Lignin measurement Plates'!D$182:F$231,2,FALSE) -> 0.023460263 | N30: =VLOOKUP(A30,Hoja2!A$2:B$872,2,FALSE) -> 31AA1 | O30: =IF(LEN('LIGNIN BILBAO'!N30)>6,RIGHT(LEFT('LIGNIN BILBAO'!N30,11),2),RIGHT((LEFT(N30,4)),2)) -> AA | P30: =IF(LEN('LIGNIN BILBAO'!$N30)>6,LEFT(N30,2),1) -> 1 | Q30: =IF(LEN('LIGNIN BILBAO'!$N30)>6,RIGHT(LEFT('LIGNIN BILBAO'!$N30,9),1),RIGHT(N30,1)) -> 1 | V30: =VLOOKUP(A30,Z$31:Z$80,1,FALSE) -> 1019
A31: 1063 | B31: 11.4651 | C31: 109.6 | D31: =VLOOKUP(A31,'Lignin measurement Plates'!B$72:B$121,1,FALSE) -> 1063 | E31: =VLOOKUP(A31,'Dried samples '!E$2:F$51,2,FALSE) -> 11.6638 | F31: =(E31-B31)*1000 -> 198.7 | G31: =C31-F31 -> -89.1 | H31: =E31-E$64 -> 11.65772 | I31: =(H31-B31)*1000 -> 192.62 | J31: =C31-I31 -> -83.02 | K31: =(J31/C31)*100 -> -75.748175 | L31: =VLOOKUP(A31,'Lignin measurement Plates'!D$182:F$231,2,FALSE) -> 0.031977157 | N31: =VLOOKUP(A31,Hoja2!A$2:B$872,2,FALSE) -> 32AA4 | O31: =IF(LEN('LIGNIN BILBAO'!N31)>6,RIGHT(LEFT('LIGNIN BILBAO'!N31,11),2),RIGHT((LEFT(N31,4)),2)) -> AA | P31: =IF(LEN('LIGNIN BILBAO'!$N31)>6,LEFT(N31,2),1) -> 1 | Q31: =IF(LEN('LIGNIN BILBAO'!$N31)>6,RIGHT(LEFT('LIGNIN BILBAO'!$N31,9),1),RIGHT(N31,1)) -> 4 | V31: =VLOOKUP(A31,Z$31:Z$80,1,FALSE) -> #N/A | X31: FALTA 1063! | Y31: =VLOOKUP(AC31,A2:A51,1,FALSE) -> #N/A | Z31: 1040 | AA31: =VLOOKUP(AC31,Hoja2!A$2:B$872,2,FALSE) -> 35FS4 | AC31: 1036
A32: 1086 | B32: 11.4947 | C32: 118.4 | D32: =VLOOKUP(A32,'Lignin measurement Plates'!B$72:B$121,1,FALSE) -> 1086 | E32: =VLOOKUP(A32,'Dried samples '!E$2:F$51,2,FALSE) -> 11.6021 | F32: =(E32-B32)*1000 -> 107.4 | G32: =C32-F32 -> 11 | H32: =E32-E$64 -> 11.59602 | I32: =(H32-B32)*1000 -> 101.32 | J32: =C32-I32 -> 17.08 | K32: =(J32/C32)*100 -> 14.425676 | L32: =VLOOKUP(A32,'Lignin measurement Plates'!D$182:F$231,2,FALSE) -> 0.015279008 | M32: =L32+K32 -> 14.440955 | N32: =VLOOKUP(A32,Hoja2!A$2:B$872,2,FALSE) -> 65AA2 | O32: =IF(LEN('LIGNIN BILBAO'!N32)>6,RIGHT(LEFT('LIGNIN BILBAO'!N32,11),2),RIGHT((LEFT(N32,4)),2)) -> AA | P32: =IF(LEN('LIGNIN BILBAO'!$N32)>6,LEFT(N32,2),1) -> 1 | Q32: =IF(LEN('LIGNIN BILBAO'!$N32)>6,RIGHT(LEFT('LIGNIN BILBAO'!$N32,9),1),RIGHT(N32,1)) -> 2 | V32: =VLOOKUP(A32,Z$31:Z$80,1,FALSE) -> 1086 | Z32: 1018 | AA32: =VLOOKUP(Z32,Hoja2!A$2:B$872,2,FALSE) -> 15FS4
A33: 1025 | B33: 11.4914 | C33: 105.1 | D33: =VLOOKUP(A33,'Lignin measurement Plates'!B$72:B$121,1,FALSE) -> 1025 | E33: =VLOOKUP(A33,'Dried samples '!E$2:F$51,2,FALSE) -> 11.6068 | F33: =(E33-B33)*1000 -> 115.4 | G33: =C33-F33 -> -10.3 | H33: =E33-E$64 -> 11.60072 | I33: =(H33-B33)*1000 -> 109.32 | J33: =C33-I33 -> -4.22 | K33: =(J33/C33)*100 -> -4.0152236 | L33: =VLOOKUP(A33,'Lignin measurement Plates'!D$182:F$231,2,FALSE) -> 0.020542448 | N33: =VLOOKUP(A33,Hoja2!A$2:B$872,2,FALSE) -> 34AA1 | O33: =IF(LEN('LIGNIN BILBAO'!N33)>6,RIGHT(LEFT('LIGNIN BILBAO'!N33,11),2),RIGHT((LEFT(N33,4)),2)) -> AA | P33: =IF(LEN('LIGNIN BILBAO'!$N33)>6,LEFT(N33,2),1) -> 1 | Q33: =IF(LEN('LIGNIN BILBAO'!$N33)>6,RIGHT(LEFT('LIGNIN BILBAO'!$N33,9),1),RIGHT(N33,1)) -> 1 | V33: =VLOOKUP(A33,Z$31:Z$80,1,FALSE) -> 1025 | Z33: 125 | AA33: =VLOOKUP(Z33,Hoja2!A$2:B$872,2,FALSE) -> 25-P1S5C2FS
A34: 1027 | B34: 11.416 | C34: 116.3 | D34: =VLOOKUP(A34,'Lignin measurement Plates'!B$72:B$121,1,FALSE) -> 1027 | E34: =VLOOKUP(A34,'Dried samples '!E$2:F$51,2,FALSE) -> 11.5128 | F34: =(E34-B34)*1000 -> 96.8 | G34: =C34-F34 -> 19.5 | H34: =E34-E$64 -> 11.50672 | I34: =(H34-B34)*1000 -> 90.72 | J34: =C34-I34 -> 25.58 | K34: =(J34/C34)*100 -> 21.994841 | L34: =VLOOKUP(A34,'Lignin measurement Plates'!D$182:F$231,2,FALSE) -> 0.02543035 | M34: =L34+K34 -> 22.020271 | N34: =VLOOKUP(A34,Hoja2!A$2:B$872,2,FALSE) -> 34AA4 | O34: =IF(LEN('LIGNIN BILBAO'!N34)>6,RIGHT(LEFT('LIGNIN BILBAO'!N34,11),2),RIGHT((LEFT(N34,4)),2)) -> AA | P34: =IF(LEN('LIGNIN BILBAO'!$N34)>6,LEFT(N34,2),1) -> 1 | Q34: =IF(LEN('LIGNIN BILBAO'!$N34)>6,RIGHT(LEFT('LIGNIN BILBAO'!$N34,9),1),RIGHT(N34,1)) -> 4 | V34: =VLOOKUP(A34,Z$31:Z$80,1,FALSE) -> 1027 | Z34: 396 | AA34: =VLOOKUP(Z34,Hoja2!A$2:B$872,2,FALSE) -> 25-P6S5C1AA
A35: 1003 | B35: 11.4923 | C35: 106.7 | D35: =VLOOKUP(A35,'Lignin measurement Plates'!B$72:B$121,1,FALSE) -> 1003 | E35: =VLOOKUP(A35,'Dried samples '!E$2:F$51,2,FALSE) -> 11.6046 | F35: =(E35-B35)*1000 -> 112.3 | G35: =C35-F35 -> -5.6 | H35: =E35-E$64 -> 11.59852 | I35: =(H35-B35)*1000 -> 106.22 | J35: =C35-I35 -> 0.48 | K35: =(J35/C35)*100 -> 0.44985942 | L35: =VLOOKUP(A35,'Lignin measurement Plates'!D$182:F$231,2,FALSE) -> 0.029982033 | M35: =L35+K35 -> 0.47984145 | N35: =VLOOKUP(A35,Hoja2!A$2:B$872,2,FALSE) -> 11AA4 | O35: =IF(LEN('LIGNIN BILBAO'!N35)>6,RIGHT(LEFT('LIGNIN BILBAO'!N35,11),2),RIGHT((LEFT(N35,4)),2)) -> AA | P35: =IF(LEN('LIGNIN BILBAO'!$N35)>6,LEFT(N35,2),1) -> 1 | Q35: =IF(LEN('LIGNIN BILBAO'!$N35)>6,RIGHT(LEFT('LIGNIN BILBAO'!$N35,9),1),RIGHT(N35,1)) -> 4 | V35: =VLOOKUP(A35,Z$31:Z$80,1,FALSE) -> 1003 | Z35: 157 | AA35: =VLOOKUP(Z35,Hoja2!A$2:B$872,2,FALSE) -> 10-P3S2C4FS
A36: 40 | B36: 11.4656 | C36: 103.1 | D36: =VLOOKUP(A36,'Lignin measurement Plates'!B$72:B$121,1,FALSE) -> 40 | E36: =VLOOKUP(A36,'Dried samples '!E$2:F$51,2,FALSE) -> 11.6922 | F36: =(E36-B36)*1000 -> 226.6 | G36: =C36-F36 -> -123.5 | H36: =E36-E$64 -> 11.68612 | I36: =(H36-B36)*1000 -> 220.52 | J36: =C36-I36 -> -117.42 | K36: =(J36/C36)*100 -> -113.88943 | L36: =VLOOKUP(A36,'Lignin measurement Plates'!D$182:F$231,2,FALSE) -> 0.10523063 | N36: =VLOOKUP(A36,Hoja2!A$2:B$872,2,FALSE) -> 25-P1S2C1FS | O36: =IF(LEN('LIGNIN BILBAO'!N36)>6,RIGHT(LEFT('LIGNIN BILBAO'!N36,11),2),RIGHT((LEFT(N36,4)),2)) -> FS | P36: =IF(LEN('LIGNIN BILBAO'!$N36)>6,LEFT(N36,2),1) -> 25 | Q36: =IF(LEN('LIGNIN BILBAO'!$N36)>6,RIGHT(LEFT('LIGNIN BILBAO'!$N36,9),1),RIGHT(N36,1)) -> 1 | V36: =VLOOKUP(A36,Z$31:Z$80,1,FALSE) -> 40 | Z36: 1032 | AA36: =VLOOKUP(Z36,Hoja2!A$2:B$872,2,FALSE) -> 35AA2
A37: 149 | B37: 11.5657 | C37: 103.6 | D37: =VLOOKUP(A37,'Lignin measurement Plates'!B$72:B$121,1,FALSE) -> 149 | E37: =VLOOKUP(A37,'Dried samples '!E$2:F$51,2,FALSE) -> 11.7691 | F37: =(E37-B37)*1000 -> 203.4 | G37: =C37-F37 -> -99.8 | H37: =E37-E$64 -> 11.76302 | I37: =(H37-B37)*1000 -> 197.32 | J37: =C37-I37 -> -93.72 | K37: =(J37/C37)*100 -> -90.46332 | L37: =VLOOKUP(A37,'Lignin measurement Plates'!D$182:F$231,2,FALSE) -> 0.07679352 | N37: =VLOOKUP(A37,Hoja2!A$2:B$872,2,FALSE) -> 25-P3S2C1FS | O37: =IF(LEN('LIGNIN BILBAO'!N37)>6,RIGHT(LEFT('LIGNIN BILBAO'!N37,11),2),RIGHT((LEFT(N37,4)),2)) -> FS | P37: =IF(LEN('LIGNIN BILBAO'!$N37)>6,LEFT(N37,2),1) -> 25 | Q37: =IF(LEN('LIGNIN BILBAO'!$N37)>6,RIGHT(LEFT('LIGNIN BILBAO'!$N37,9),1),RIGHT(N37,1)) -> 1 | V37: =VLOOKUP(A37,Z$31:Z$80,1,FALSE) -> 149 | Z37: 142 | AA37: =VLOOKUP(Z37,Hoja2!A$2:B$872,2,FALSE) -> 10-P3S1C4AA
A38: 150 | B38: 11.5094 | C38: 105.9 | D38: =VLOOKUP(A38,'Lignin measurement Plates'!B$72:B$121,1,FALSE) -> 150 | E38: =VLOOKUP(A38,'Dried samples '!E$2:F$51,2,FALSE) -> 11.6914 | F38: =(E38-B38)*1000 -> 182 | G38: =C38-F38 -> -76.1 | H38: =E38-E$64 -> 11.68532 | I38: =(H38-B38)*1000 -> 175.92 | J38: =C38-I38 -> -70.02 | K38: =(J38/C38)*100 -> -66.11898 | L38: =VLOOKUP(A38,'Lignin measurement Plates'!D$182:F$231,2,FALSE) -> 0.09583876 | N38: =VLOOKUP(A38,Hoja2!A$2:B$872,2,FALSE) -> 25-P3S2C2FS | O38: =IF(LEN('LIGNIN BILBAO'!N38)>6,RIGHT(LEFT('LIGNIN BILBAO'!N38,11),2),RIGHT((LEFT(N38,4)),2)) -> FS | P38: =IF(LEN('LIGNIN BILBAO'!$N38)>6,LEFT(N38,2),1) -> 25 | Q38: =IF(LEN('LIGNIN BILBAO'!$N38)>6,RIGHT(LEFT('LIGNIN BILBAO'!$N38,9),1),RIGHT(N38,1)) -> 2 | V38: =VLOOKUP(A38,Z$31:Z$80,1,FALSE) -> 150 | Z38: 84 | AA38: =VLOOKUP(Z38,Hoja2!A$2:B$872,2,FALSE) -> 10-P1S3C4FS
A39: 382 | B39: 11.4142 | C39: 117.4 | D39: =VLOOKUP(A39,'Lignin measurement Plates'!B$72:B$121,1,FALSE) -> 382 | E39: =VLOOKUP(A39,'Dried samples '!E$2:F$51,2,FALSE) -> 11.6054 | F39: =(E39-B39)*1000 -> 191.2 | G39: =C39-F39 -> -73.8 | H39: =E39-E$64 -> 11.59932 | I39: =(H39-B39)*1000 -> 185.12 | J39: =C39-I39 -> -67.72 | K39: =(J39/C39)*100 -> -57.683135 | L39: =VLOOKUP(A39,'Lignin measurement Plates'!D$182:F$231,2,FALSE) -> 0.085946965 | N39: =VLOOKUP(A39,Hoja2!A$2:B$872,2,FALSE) -> 25-P6S4C2FS | O39: =IF(LEN('LIGNIN BILBAO'!N39)>6,RIGHT(LEFT('LIGNIN BILBAO'!N39,11),2),RIGHT((LEFT(N39,4)),2)) -> FS | P39: =IF(LEN('LIGNIN BILBAO'!$N39)>6,LEFT(N39,2),1) -> 25 | Q39: =IF(LEN('LIGNIN BILBAO'!$N39)>6,RIGHT(LEFT('LIGNIN BILBAO'!$N39,9),1),RIGHT(N39,1)) -> 2 | V39: =VLOOKUP(A39,Z$31:Z$80,1,FALSE) -> #N/A | Z39: 7 | AA39: =VLOOKUP(Z39,Hoja2!A$2:B$872,2,FALSE) -> 10-P1S1C1AA
A40: 125 | B40: 11.4828 | C40: 105.5 | D40: =VLOOKUP(A40,'Lignin measurement Plates'!B$72:B$121,1,FALSE) -> 125 | E40: =VLOOKUP(A40,'Dried samples '!E$2:F$51,2,FALSE) -> 11.6208 | F40: =(E40-B40)*1000 -> 138 | G40: =C40-F40 -> -32.5 | H40: =E40-E$64 -> 11.61472 | I40: =(H40-B40)*1000 -> 131.92 | J40: =C40-I40 -> -26.42 | K40: =(J40/C40)*100 -> -25.042654 | L40: =VLOOKUP(A40,'Lignin measurement Plates'!D$182:F$231,2,FALSE) -> 0.10031373 | N40: =VLOOKUP(A40,Hoja2!A$2:B$872,2,FALSE) -> 25-P1S5C2FS | O40: =IF(LEN('LIGNIN BILBAO'!N40)>6,RIGHT(LEFT('LIGNIN BILBAO'!N40,11),2),RIGHT((LEFT(N40,4)),2)) -> FS | P40: =IF(LEN('LIGNIN BILBAO'!$N40)>6,LEFT(N40,2),1) -> 25 | Q40: =IF(LEN('LIGNIN BILBAO'!$N40)>6,RIGHT(LEFT('LIGNIN BILBAO'!$N40,9),1),RIGHT(N40,1)) -> 2 | V40: =VLOOKUP(A40,Z$31:Z$80,1,FALSE) -> 125 | Z40: 120 | AA40: =VLOOKUP(Z40,Hoja2!A$2:B$872,2,FALSE) -> 10-P1S4C4FS
A41: 162 | B41: 11.5612 | C41: 113.1 | D41: =VLOOKUP(A41,'Lignin measurement Plates'!B$72:B$121,1,FALSE) -> 162 | E41: =VLOOKUP(A41,'Dried samples '!E$2:F$51,2,FALSE) -> 11.7443 | F41: =(E41-B41)*1000 -> 183.1 | G41: =C41-F41 -> -70 | H41: =E41-E$64 -> 11.73822 | I41: =(H41-B41)*1000 -> 177.02 | J41: =C41-I41 -> -63.92 | K41: =(J41/C41)*100 -> -56.516357 | L41: =VLOOKUP(A41,'Lignin measurement Plates'!D$182:F$231,2,FALSE) -> 0.096798083 | N41: =VLOOKUP(A41,Hoja2!A$2:B$872,2,FALSE) -> 25-P3S3C2FS | O41: =IF(LEN('LIGNIN BILBAO'!N41)>6,RIGHT(LEFT('LIGNIN BILBAO'!N41,11),2),RIGHT((LEFT(N41,4)),2)) -> FS | P41: =IF(LEN('LIGNIN BILBAO'!$N41)>6,LEFT(N41,2),1) -> 25 | Q41: =IF(LEN('LIGNIN BILBAO'!$N41)>6,RIGHT(LEFT('LIGNIN BILBAO'!$N41,9),1),RIGHT(N41,1)) -> 2 | V41: =VLOOKUP(A41,Z$31:Z$80,1,FALSE) -> 162 | Z41: 708 | AA41: =VLOOKUP(Z41,Hoja2!A$2:B$872,2,FALSE) -> 10-P2S4C1AA
A42: 171 | B42: 11.4802 | C42: 106 | D42: =VLOOKUP(A42,'Lignin measurement Plates'!B$72:B$121,1,FALSE) -> 171 | E42: =VLOOKUP(A42,'Dried samples '!E$2:F$51,2,FALSE) -> 11.6533 | F42: =(E42-B42)*1000 -> 173.1 | G42: =C42-F42 -> -67.1 | H42: =E42-E$64 -> 11.64722 | I42: =(H42-B42)*1000 -> 167.02 | J42: =C42-I42 -> -61.02 | K42: =(J42/C42)*100 -> -57.566038 | L42: =VLOOKUP(A42,'Lignin measurement Plates'!D$182:F$231,2,FALSE) -> 0.015950307 | N42: =VLOOKUP(A42,Hoja2!A$2:B$872,2,FALSE) -> 25-P3S4C2AA | O42: =IF(LEN('LIGNIN BILBAO'!N42)>6,RIGHT(LEFT('LIGNIN BILBAO'!N42,11),2),RIGHT((LEFT(N42,4)),2)) -> AA | P42: =IF(LEN('LIGNIN BILBAO'!$N42)>6,LEFT(N42,2),1) -> 25 | Q42: =IF(LEN('LIGNIN BILBAO'!$N42)>6,RIGHT(LEFT('LIGNIN BILBAO'!$N42,9),1),RIGHT(N42,1)) -> 2 | V42: =VLOOKUP(A42,Z$31:Z$80,1,FALSE) -> 171 | Z42: 331 | AA42: =VLOOKUP(Z42,Hoja2!A$2:B$872,2,FALSE) -> 10-P6S1C1AA -b
A43: 362 | B43: 11.4815 | C43: 109.2 | D43: =VLOOKUP(A43,'Lignin measurement Plates'!B$72:B$121,1,FALSE) -> 362 | E43: =VLOOKUP(A43,'Dried samples '!E$2:F$51,2,FALSE) -> 11.5488 | F43: =(E43-B43)*1000 -> 67.3 | G43: =C43-F43 -> 41.9 | H43: =E43-E$64 -> 11.54272 | I43: =(H43-B43)*1000 -> 61.22 | J43: =C43-I43 -> 47.98 | K43: =(J43/C43)*100 -> 43.937729 | L43: =VLOOKUP(A43,'Lignin measurement Plates'!D$182:F$231,2,FALSE) -> 0.057959307 | M43: =L43+K43 -> 43.995688 | N43: =VLOOKUP(A43,Hoja2!A$2:B$872,2,FALSE) -> 25-P6S3C4AA | O43: =IF(LEN('LIGNIN BILBAO'!N43)>6,RIGHT(LEFT('LIGNIN BILBAO'!N43,11),2),RIGHT((LEFT(N43,4)),2)) -> AA | P43: =IF(LEN('LIGNIN BILBAO'!$N43)>6,LEFT(N43,2),1) -> 25 | Q43: =IF(LEN('LIGNIN BILBAO'!$N43)>6,RIGHT(LEFT('LIGNIN BILBAO'!$N43,9),1),RIGHT(N43,1)) -> 4 | V43: =VLOOKUP(A43,Z$31:Z$80,1,FALSE) -> 362 | Z43: 149 | AA43: =VLOOKUP(Z43,Hoja2!A$2:B$872,2,FALSE) -> 25-P3S2C1FS
A44: 170 | B44: 11.4022 | C44: 119.1 | D44: =VLOOKUP(A44,'Lignin measurement Plates'!B$72:B$121,1,FALSE) -> 170 | E44: =VLOOKUP(A44,'Dried samples '!E$2:F$51,2,FALSE) -> 11.4505 | F44: =(E44-B44)*1000 -> 48.3 | G44: =C44-F44 -> 70.8 | H44: =E44-E$64 -> 11.44442 | I44: =(H44-B44)*1000 -> 42.22 | J44: =C44-I44 -> 76.88 | K44: =(J44/C44)*100 -> 64.550798 | L44: =VLOOKUP(A44,'Lignin measurement Plates'!D$182:F$231,2,FALSE) -> 0.022183692 | M44: =L44+K44 -> 64.572981 | N44: =VLOOKUP(A44,Hoja2!A$2:B$872,2,FALSE) -> 25-P3S4C1AA | O44: =IF(LEN('LIGNIN BILBAO'!N44)>6,RIGHT(LEFT('LIGNIN BILBAO'!N44,11),2),RIGHT((LEFT(N44,4)),2)) -> AA | P44: =IF(LEN('LIGNIN BILBAO'!$N44)>6,LEFT(N44,2),1) -> 25 | Q44: =IF(LEN('LIGNIN BILBAO'!$N44)>6,RIGHT(LEFT('LIGNIN BILBAO'!$N44,9),1),RIGHT(N44,1)) -> 1 | V44: =VLOOKUP(A44,Z$31:Z$80,1,FALSE) -> 170 | Z44: 361 | AA44: =VLOOKUP(Z44,Hoja2!A$2:B$872,2,FALSE) -> 25-P6S3C2AA
A45: 3 | B45: 11.402 | C45: 124.2 | D45: =VLOOKUP(A45,'Lignin measurement Plates'!B$72:B$121,1,FALSE) -> 3 | E45: =VLOOKUP(A45,'Dried samples '!E$2:F$51,2,FALSE) -> 11.4547 | F45: =(E45-B45)*1000 -> 52.7 | G45: =C45-F45 -> 71.5 | H45: =E45-E$64 -> 11.44862 | I45: =(H45-B45)*1000 -> 46.62 | J45: =C45-I45 -> 77.58 | K45: =(J45/C45)*100 -> 62.463768 | L45: =VLOOKUP(A45,'Lignin measurement Plates'!D$182:F$231,2,FALSE) -> 0.026789399 | M45: =L45+K45 -> 62.490558 | N45: =VLOOKUP(A45,Hoja2!A$2:B$872,2,FALSE) -> 25-P1S1C4AA | O45: =IF(LEN('LIGNIN BILBAO'!N45)>6,RIGHT(LEFT('LIGNIN BILBAO'!N45,11),2),RIGHT((LEFT(N45,4)),2)) -> AA | P45: =IF(LEN('LIGNIN BILBAO'!$N45)>6,LEFT(N45,2),1) -> 25 | Q45: =IF(LEN('LIGNIN BILBAO'!$N45)>6,RIGHT(LEFT('LIGNIN BILBAO'!$N45,9),1),RIGHT(N45,1)) -> 4 | V45: =VLOOKUP(A45,Z$31:Z$80,1,FALSE) -> 3 | Z45: 75 | AA45: =VLOOKUP(Z45,Hoja2!A$2:B$872,2,FALSE) -> 25-P1S3C4AA
A46: 361 | B46: 11.4885 | C46: 106.3 | D46: =VLOOKUP(A46,'Lignin measurement Plates'!B$72:B$121,1,FALSE) -> 361 | E46: =VLOOKUP(A46,'Dried samples '!E$2:F$51,2,FALSE) -> 11.5768 | F46: =(E46-B46)*1000 -> 88.3 | G46: =C46-F46 -> 18 | H46: =E46-E$64 -> 11.57072 | I46: =(H46-B46)*1000 -> 82.22 | J46: =C46-I46 -> 24.08 | K46: =(J46/C46)*100 -> 22.652869 | L46: =VLOOKUP(A46,'Lignin measurement Plates'!D$182:F$231,2,FALSE) -> 0.019846837 | M46: =L46+K46 -> 22.672716 | N46: =VLOOKUP(A46,Hoja2!A$2:B$872,2,FALSE) -> 25-P6S3C2AA | O46: =IF(LEN('LIGNIN BILBAO'!N46)>6,RIGHT(LEFT('LIGNIN BILBAO'!N46,11),2),RIGHT((LEFT(N46,4)),2)) -> AA | P46: =IF(LEN('LIGNIN BILBAO'!$N46)>6,LEFT(N46,2),1) -> 25 | Q46: =IF(LEN('LIGNIN BILBAO'!$N46)>6,RIGHT(LEFT('LIGNIN BILBAO'!$N46,9),1),RIGHT(N46,1)) -> 2 | V46: =VLOOKUP(A46,Z$31:Z$80,1,FALSE) -> 361 | Z46: 127 | AA46: =VLOOKUP(Z46,Hoja2!A$2:B$872,2,FALSE) -> 10-P1S5C1AA
A47: 326 | B47: 11.4036 | C47: 119.4 | D47: =VLOOKUP(A47,'Lignin measurement Plates'!B$72:B$121,1,FALSE) -> 326 | E47: =VLOOKUP(A47,'Dried samples '!E$2:F$51,2,FALSE) -> 11.4606 | F47: =(E47-B47)*1000 -> 57 | G47: =C47-F47 -> 62.4 | H47: =E47-E$64 -> 11.45452 | I47: =(H47-B47)*1000 -> 50.92 | J47: =C47-I47 -> 68.48 | K47: =(J47/C47)*100 -> 57.353434 | L47: =VLOOKUP(A47,'Lignin measurement Plates'!D$182:F$231,2,FALSE) -> 0.038104667 | M47: =L47+K47 -> 57.391539 | N47: =VLOOKUP(A47,Hoja2!A$2:B$872,2,FALSE) -> 25-P6S1C4AA | O47: =IF(LEN('LIGNIN BILBAO'!N47)>6,RIGHT(LEFT('LIGNIN BILBAO'!N47,11),2),RIGHT((LEFT(N47,4)),2)) -> AA | P47: =IF(LEN('LIGNIN BILBAO'!$N47)>6,LEFT(N47,2),1) -> 25 | Q47: =IF(LEN('LIGNIN BILBAO'!$N47)>6,RIGHT(LEFT('LIGNIN BILBAO'!$N47,9),1),RIGHT(N47,1)) -> 4 | V47: =VLOOKUP(A47,Z$31:Z$80,1,FALSE) -> 326 | Z47: 162 | AA47: =VLOOKUP(Z47,Hoja2!A$2:B$872,2,FALSE) -> 25-P3S3C2FS
A48: 75 | B48: 11.5125 | C48: 107.2 | D48: =VLOOKUP(A48,'Lignin measurement Plates'!B$72:B$121,1,FALSE) -> 75 | E48: =VLOOKUP(A48,'Dried samples '!E$2:F$51,2,FALSE) -> 11.6243 | F48: =(E48-B48)*1000 -> 111.8 | G48: =C48-F48 -> -4.6 | H48: =E48-E$64 -> 11.61822 | I48: =(H48-B48)*1000 -> 105.72 | J48: =C48-I48 -> 1.48 | K48: =(J48/C48)*100 -> 1.380597 | L48: =VLOOKUP(A48,'Lignin measurement Plates'!D$182:F$231,2,FALSE) -> 0.032233245 | M48: =L48+K48 -> 1.4128303 | N48: =VLOOKUP(A48,Hoja2!A$2:B$872,2,FALSE) -> 25-P1S3C4AA | O48: =IF(LEN('LIGNIN BILBAO'!N48)>6,RIGHT(LEFT('LIGNIN BILBAO'!N48,11),2),RIGHT((LEFT(N48,4)),2)) -> AA | P48: =IF(LEN('LIGNIN BILBAO'!$N48)>6,LEFT(N48,2),1) -> 25 | Q48: =IF(LEN('LIGNIN BILBAO'!$N48)>6,RIGHT(LEFT('LIGNIN BILBAO'!$N48,9),1),RIGHT(N48,1)) -> 4 | V48: =VLOOKUP(A48,Z$31:Z$80,1,FALSE) -> 75 | Z48: 1089 | AA48: =VLOOKUP(Z48,Hoja2!A$2:B$872,2,FALSE) -> 65FS2
A49: 396 | B49: 11.4609 | C49: 159.1 | D49: =VLOOKUP(A49,'Lignin measurement Plates'!B$72:B$121,1,FALSE) -> 396 | E49: =VLOOKUP(A49,'Dried samples '!E$2:F$51,2,FALSE) -> 11.5792 | F49: =(E49-B49)*1000 -> 118.3 | G49: =C49-F49 -> 40.8 | H49: =E49-E$64 -> 11.57312 | I49: =(H49-B49)*1000 -> 112.22 | J49: =C49-I49 -> 46.88 | K49: =(J49/C49)*100 -> 29.465745 | L49: =VLOOKUP(A49,'Lignin measurement Plates'!D$182:F$231,2,FALSE) -> 0.01561497 | M49: =L49+K49 -> 29.48136 | N49: =VLOOKUP(A49,Hoja2!A$2:B$872,2,FALSE) -> 25-P6S5C1AA | O49: =IF(LEN('LIGNIN BILBAO'!N49)>6,RIGHT(LEFT('LIGNIN BILBAO'!N49,11),2),RIGHT((LEFT(N49,4)),2)) -> AA | P49: =IF(LEN('LIGNIN BILBAO'!$N49)>6,LEFT(N49,2),1) -> 25 | Q49: =IF(LEN('LIGNIN BILBAO'!$N49)>6,RIGHT(LEFT('LIGNIN BILBAO'!$N49,9),1),RIGHT(N49,1)) -> 1 | V49: =VLOOKUP(A49,Z$31:Z$80,1,FALSE) -> 396 | Z49: 1039 | AA49: =VLOOKUP(Z49,Hoja2!A$2:B$872,2,FALSE) -> 63AA4
A50: 324 | B50: 11.5077 | C50: 156.8 | D50: =VLOOKUP(A50,'Lignin measurement Plates'!B$72:B$121,1,FALSE) -> 324 | E50: =VLOOKUP(A50,'Dried samples '!E$2:F$51,2,FALSE) -> 11.608 | F50: =(E50-B50)*1000 -> 100.3 | G50: =C50-F50 -> 56.5 | H50: =E50-E$64 -> 11.60192 | I50: =(H50-B50)*1000 -> 94.22 | J50: =C50-I50 -> 62.58 | K50: =(J50/C50)*100 -> 39.910714 | L50: =VLOOKUP(A50,'Lignin measurement Plates'!D$182:F$231,2,FALSE) -> 0.013297657 | M50: =L50+K50 -> 39.924012 | N50: =VLOOKUP(A50,Hoja2!A$2:B$872,2,FALSE) -> 25-P6S1C1AA | O50: =IF(LEN('LIGNIN BILBAO'!N50)>6,RIGHT(LEFT('LIGNIN BILBAO'!N50,11),2),RIGHT((LEFT(N50,4)),2)) -> AA | P50: =IF(LEN('LIGNIN BILBAO'!$N50)>6,LEFT(N50,2),1) -> 25 | Q50: =IF(LEN('LIGNIN BILBAO'!$N50)>6,RIGHT(LEFT('LIGNIN BILBAO'!$N50,9),1),RIGHT(N50,1)) -> 1 | V50: =VLOOKUP(A50,Z$31:Z$80,1,FALSE) -> 324 | Z50: 1007 | AA50: =VLOOKUP(Z50,Hoja2!A$2:B$872,2,FALSE) -> 12AA1
A51: 344 | B51: 11.4982 | C51: 121.8 | D51: =VLOOKUP(A51,'Lignin measurement Plates'!B$72:B$121,1,FALSE) -> 344 | E51: =VLOOKUP(A51,'Dried samples '!E$2:F$51,2,FALSE) -> 11.6223 | F51: =(E51-B51)*1000 -> 124.1 | G51: =C51-F51 -> -2.3 | H51: =E51-E$64 -> 11.61622 | I51: =(H51-B51)*1000 -> 118.02 | J51: =C51-I51 -> 3.78 | K51: =(J51/C51)*100 -> 3.1034483 | L51: =VLOOKUP(A51,'Lignin measurement Plates'!D$182:F$231,2,FALSE) -> 0.073210282 | M51: =L51+K51 -> 3.1766586 | N51: =VLOOKUP(A51,Hoja2!A$2:B$872,2,FALSE) -> 25-P6S2C4AA | O51: =IF(LEN('LIGNIN BILBAO'!N51)>6,RIGHT(LEFT('LIGNIN BILBAO'!N51,11),2),RIGHT((LEFT(N51,4)),2)) -> AA | P51: =IF(LEN('LIGNIN BILBAO'!$N51)>6,LEFT(N51,2),1) -> 25 | Q51: =IF(LEN('LIGNIN BILBAO'!$N51)>6,RIGHT(LEFT('LIGNIN BILBAO'!$N51,9),1),RIGHT(N51,1)) -> 4 | V51: =VLOOKUP(A51,Z$31:Z$80,1,FALSE) -> 344 | Z51: 344 | AA51: =VLOOKUP(Z51,Hoja2!A$2:B$872,2,FALSE) -> 25-P6S2C4AA
Z52: 1047 | AA52: =VLOOKUP(Z52,Hoja2!A$2:B$872,2,FALSE) -> 64FS2
Z53: 409 | AA53: =VLOOKUP(Z53,Hoja2!A$2:B$872,2,FALSE) -> 10-P6S5C1FS -b
Z54: 1055 | AA54: =VLOOKUP(Z54,Hoja2!A$2:B$872,2,FALSE) -> 14AA1
Z55: 176 | AA55: =VLOOKUP(Z55,Hoja2!A$2:B$872,2,FALSE) -> 10-P3S4C1AA
Z56: 150 | AA56: =VLOOKUP(Z56,Hoja2!A$2:B$872,2,FALSE) -> 25-P3S2C2FS
Z57: 368 | AA57: =VLOOKUP(Z57,Hoja2!A$2:B$872,2,FALSE) -> 10-P6S3C2AA
C58: Peso g | D58: Después | E58: Diferencia | Z58: 324 | AA58: =VLOOKUP(Z58,Hoja2!A$2:B$872,2,FALSE) -> 25-P6S1C1AA
B59: B1 | C59: 11.4417 | D59: 11.4485 | E59: =(D59-C59) -> 0.0068 | Z59: 1025 | AA59: =VLOOKUP(Z59,Hoja2!A$2:B$872,2,FALSE) -> 34AA1
B60: B2 | C60: 11.5625 | D60: 11.5649 | E60: =(D60-C60) -> 0.0024 | Z60: 3 | AA60: =VLOOKUP(Z60,Hoja2!A$2:B$872,2,FALSE) -> 25-P1S1C4AA
B61: B3 | C61: 11.4417 | D61: 11.4488 | E61: =(D61-C61) -> 0.0071 | Z61: 326 | AA61: =VLOOKUP(Z61,Hoja2!A$2:B$872,2,FALSE) -> 25-P6S1C4AA
B62: B4 | C62: 11.4833 | D62: 11.4888 | E62: =(D62-C62) -> 0.0055 | Z62: 1048 | AA62: =VLOOKUP(Z62,Hoja2!A$2:B$872,2,FALSE) -> 64FS4
B63: B5 | C63: 11.4962 | D63: 11.5048 | E63: =(D63-C63) -> 0.0086 | Z63: 1086 | AA63: =VLOOKUP(Z63,Hoja2!A$2:B$872,2,FALSE) -> 65AA2
E64: =AVERAGE(E59:E63) -> 0.00608 | Z64: 118 | AA64: =VLOOKUP(Z64,Hoja2!A$2:B$872,2,FALSE) -> 10-P1S4C1FS
Z65: 385 | AA65: =VLOOKUP(Z65,Hoja2!A$2:B$872,2,FALSE) -> 10-P6S4C1AA -b
Z66: 189 | AA66: =VLOOKUP(Z66,Hoja2!A$2:B$872,2,FALSE) -> 10-P3S5C2AA
Z67: 40 | AA67: =VLOOKUP(Z67,Hoja2!A$2:B$872,2,FALSE) -> 25-P1S2C1FS
Z68: 355 | AA68: =VLOOKUP(Z68,Hoja2!A$2:B$872,2,FALSE) -> 10-P6S2C1FS -b
Z69: 1019 | AA69: =VLOOKUP(Z69,Hoja2!A$2:B$872,2,FALSE) -> 31AA1
Z70: 1070 | AA70: =VLOOKUP(Z70,Hoja2!A$2:B$872,2,FALSE) -> 33FS1
Z71: 171 | AA71: =VLOOKUP(Z71,Hoja2!A$2:B$872,2,FALSE) -> 25-P3S4C2AA
Z72: 146 | AA72: =VLOOKUP(Z72,Hoja2!A$2:B$872,2,FALSE) -> 25-P3S2C1AA
Z73: 170 | AA73: =VLOOKUP(Z73,Hoja2!A$2:B$872,2,FALSE) -> 25-P3S4C1AA
Z74: 362 | AA74: =VLOOKUP(Z74,Hoja2!A$2:B$872,2,FALSE) -> 25-P6S3C4AA
Z75: 1027 | AA75: =VLOOKUP(Z75,Hoja2!A$2:B$872,2,FALSE) -> 34AA4
Z76: 373 | AA76: =VLOOKUP(Z76,Hoja2!A$2:B$872,2,FALSE) -> 10-P6S3C1FS -b
... Z81: 382 | AA81: =VLOOKUP(Z81,Hoja2!A$2:B$872,2,FALSE) -> 25-P6S4C2FS
AA82: =VLOOKUP(Z82,Hoja2!A$2:B$872,2,FALSE) -> 1-P1S4C2AA-Sp
AA83: =VLOOKUP(Z83,Hoja2!A$2:B$872,2,FALSE) -> 1-P1S4C2AA-Sp
AA84: =VLOOKUP(Z84,Hoja2!A$2:B$872,2,FALSE) -> 1-P1S4C2AA-Sp
AA85: =VLOOKUP(Z85,Hoja2!A$2:B$872,2,FALSE) -> 1-P1S4C2AA-Sp
AA86: =VLOOKUP(Z86,Hoja2!A$2:B$872,2,FALSE) -> 1-P1S4C2AA-Sp
AA87: =VLOOKUP(Z87,Hoja2!A$2:B$872,2,FALSE) -> 1-P1S4C2AA-Sp
AA88: =VLOOKUP(Z88,Hoja2!A$2:B$872,2,FALSE) -> 1-P1S4C2AA-Sp
AA89: =VLOOKUP(Z89,Hoja2!A$2:B$872,2,FALSE) -> 1-P1S4C2AA-Sp
AA90: =VLOOKUP(Z90,Hoja2!A$2:B$872,2,FALSE) -> 1-P1S4C2AA-Sp
AA91: =VLOOKUP(Z91,Hoja2!A$2:B$872,2,FALSE) -> 1-P1S4C2AA-Sp
AA92: =VLOOKUP(Z92,Hoja2!A$2:B$872,2,FALSE) -> 1-P1S4C2AA-Sp
AA93: =VLOOKUP(Z93,Hoja2!A$2:B$872,2,FALSE) -> 1-P1S4C2AA-Sp
... AA114: =VLOOKUP(Z114,Hoja2!A$2:B$872,2,FALSE) -> 1-P1S4C2AA-Sp
AA115: =VLOOKUP(Z115,Hoja2!A86:B956,2,FALSE) -> 1-P1S4C2AA-Sp
AA116: =VLOOKUP(Z116,Hoja2!A87:B957,2,FALSE) -> 1-P1S4C2AA-Sp
AA117: =VLOOKUP(Z117,Hoja2!A88:B958,2,FALSE) -> 1-P1S4C2AA-Sp
AA118: =VLOOKUP(Z118,Hoja2!A89:B959,2,FALSE) -> 1-P1S4C2AA-Sp
AA119: =VLOOKUP(Z119,Hoja2!A90:B960,2,FALSE) -> 1-P1S4C2AA-Sp
AA120: =VLOOKUP(Z120,Hoja2!A91:B961,2,FALSE) -> 1-P1S4C2AA-Sp

Sheet Counting for FITR
B4: AA | C4: 1 | D4: 10 | E4: 25 | F4: Diam | I4: AA | J4: 1 | K4: 10 | L4: 25 | M4: Diam
B5: 1 | C5: 4 | D5: 6 | E5: 4 | I5: 1 | J5: =5-C5 -> 1 | K5: 0 | L5: =5-E5 -> 1 | O5: AA
B6: 2 | C6: 2 | D6: 2 | E6: 2 | I6: 2 | J6: =5-C6 -> 3 | K6: =5-D6 -> 3 | L6: =5-E6 -> 3 | P6: 1 | Q6: 1(1) | R6: 1079
B7: 4 | C7: 4 | D7: 1 | E7: 5 | I7: 4 | J7: =5-C7 -> 1 | K7: =5-D7 -> 4 | L7: =5-E7 -> 0 | Q7: 2(3) | R7: 1062 | S7: 1050 | T7: 1020
B8: Class | I8: Class | Q8: 4(1) | R8: 1021
P9: 10
Q10: =_xlfn.CONCAT(1,"(",K5,")") -> 1(0)
B11: FS | C11: 1 | D11: 10 | E11: 25 | I11: FS | J11: 1 | K11: 10 | L11: 25 | Q11: =_xlfn.CONCAT(2,"(",K6,")") -> 2(3) | R11: 333 | S11: 386 | T11: 119
B12: 1 | C12: 1 | D12: 4 | E12: 2 | I12: 1 | J12: =5-C12 -> 4 | K12: =5-D12 -> 1 | L12: =5-E12 -> 3 | Q12: =_xlfn.CONCAT(4,"(",K7,")") -> 4(4) | R12: 117 | S12: 406 | T12: 371 | U12: 81
B13: 2 | C13: 3 | D13: 0 | E13: 4 | I13: 2 | J13: =5-C13 -> 2 | K13: =5-D13 -> 5 | L13: =5-E13 -> 1 | P13: 25
B14: 4 | C14: 3 | D14: 3 | E14: 0 | I14: 4 | J14: =5-C14 -> 2 | K14: =5-D14 -> 2 | L14: =5-E14 -> 5 | Q14: 1(1) | R14: 73
Q15: 2(3) | R15: 74 | S15: 135 | T15: 159
Q16: 4(0)
B19: SEARCH | L19: =SUM(J5:L7,J12:L14) -> 41 | O19: FS
B20: Code | P20: 1 | Q20: 1(4) | R20: 1022 | S20: 1040 | T20: 1058 | U20: 1034
I21: 1033 | Q21: 2(2) | R21: 1029 | S21: 1065
A22: 1079 | I22: =VLOOKUP(I21,Hoja2!A2:B872,2,FALSE) -> 35AA4 | Q22: 4(2) | R22: 1090 | S22: 1012
A23: 1062 | P23: 10
A24: 1021 | Q24: 1(1) | R24: 337
A25: 333 | Q25: 2(5) | R25: 339 | S25: 11 | T25: 180 | U25: 47 | V25: 131
A26: 117 | Q26: 4(2) | R26: 341 | S26: 145
A27: 73 | P27: 25
A28: 74 | Q28: 1(3) | R28: 185 | S28: 112 | T28: 124
A29: 1022 | Q29: 2(1) | R29: 346
A30: 1029 | Q30: 4(5) | R30: 151 | S30: 42 | T30: 144 | U30: 383 | V30: 329
A31: 1090
A32: 337
A33: 339
A34: 341
A35: 185
A36: 346
A37: 151
F62: =COUNT(F26:F59) -> 0

Sheet pH measurement
A1: Abies
A2: 1 | D2: 10 | G2: 25
A3: 1 | B3: 2 | C3: 4 | D3: 1 | E3: 2 | F3: 4 | G3: 1 | H3: 2 | I3: 4
A4: 1073 | B4: 1002 | C4: 1045 | D4: 43 | E4: 387 | F4: 353 | G4: 121 | H4: 325 | I4: 136
A5: 1043 | B5: 1044 | C5: 1009 | D5: 367 | E5: 165 | F5: 389 | G5: 363 | H5: 2 | I5: 123
A6: 1031 | B6: 1074 | C6: 1051 | D6: 188 | E6: 177 | F6: 388 | G6: 360 | H6: 183 | I6: 148
A7: 1001 | B7: 1038 | C7: 1075 | D7: 402 | E7: 80 | F7: 190 | G7: 378 | H7: 343 | I7: 172
A8: 1085 | B8: 1014 | C8: 1033 | D8: 384 | E8: 128 | F8: 166 | G8: 342 | H8: 379 | I8: 398
A11: Fagus
A12: 1 | D12: 10 | G12: 25
A13: 1 | B13: 2 | C13: 4 | D13: 1 | E13: 2 | F13: 4 | G13: 1 | H13: 2 | I13: 4
A14: 1052 | B14: 1083 | C14: 1006 | D14: 354 | E14: 192 | F14: 169 | G14: 381 | H14: 400 | I14: 114
A15: 1088 | B15: 1071 | C15: 1036 | D15: 143 | E15: 411 | F15: 132 | G15: 345 | H15: 328 | I15: 6
A16: 1046 | B16: 1005 | C16: 1084 | D16: 390 | E16: 392 | F16: 412 | G16: 161 | H16: 41 | I16: 175
A17: 1004 | B17: 1077 | C17: 1078 | D17: 372 | E17: 338 | F17: 395 | G17: 4 | H17: 138 | I17: 139
A18: 1010 | B18: 1011 | C18: 1030 | D18: 391 | E18: 375 | F18: 193 | G18: 381 | H18: 77 | I18: 78
A20: VRIJA Code | B20: DeWood Code | C20: Code | D20: Species | E20: Diameter | F20: Class | G20: pH | L20: VRIJA Code | M20: DeWood Code | N20: Code | O20: Species | P20: Diameter | Q20: Class | R20: pH
A21: 1 | B21: Birch Leaf | D21: Birch | G21: 4.95 | L21: 65 | M21: 1043 | N21: 64AA1 | O21: AA | P21: 1 | Q21: 1
A22: 2 | B22: 1073 | C22: =VLOOKUP(B22,Hoja2!A$2:B$872,2,FALSE) -> 61AA1 | D22: =IF(LEN('pH measurement'!C22)>6,RIGHT(LEFT('pH measurement'!C22,11),2),RIGHT((LEFT(C22,4)),2)) -> AA | E22: =IF(LEN('pH measurement'!$C22)>6,LEFT(C22,2),1) -> 1 | F22: =IF(LEN('pH measurement'!$C22)>6,RIGHT(LEFT('pH measurement'!$C22,9),1),RIGHT(C22,1)) -> 1 | G22: 4.56 | L22: 67 | M22: 1031 | N22: 35AA1 | O22: AA | P22: 1 | Q22: 1
A23: 3 | B23: 172 | C23: =VLOOKUP(B23,Hoja2!A$2:B$872,2,FALSE) -> 25-P3S4C4AA | D23: =IF(LEN('pH measurement'!C23)>6,RIGHT(LEFT('pH measurement'!C23,11),2),RIGHT((LEFT(C23,4)),2)) -> AA | E23: =IF(LEN('pH measurement'!$C23)>6,LEFT(C23,2),1) -> 25 | F23: =IF(LEN('pH measurement'!$C23)>6,RIGHT(LEFT('pH measurement'!$C23,9),1),RIGHT(C23,1)) -> 4 | G23: 3.8 | L23: 66 | M23: 188 | N23: 10-P3S5C1AA | O23: AA | P23: 10 | Q23: 1
A24: 4 | B24: 343 | C24: =VLOOKUP(B24,Hoja2!A$2:B$872,2,FALSE) -> 25-P6S2C2AA | D24: =IF(LEN('pH measurement'!C24)>6,RIGHT(LEFT('pH measurement'!C24,11),2),RIGHT((LEFT(C24,4)),2)) -> AA | E24: =IF(LEN('pH measurement'!$C24)>6,LEFT(C24,2),1) -> 25 | F24: =IF(LEN('pH measurement'!$C24)>6,RIGHT(LEFT('pH measurement'!$C24,9),1),RIGHT(C24,1)) -> 2 | G24: 4.88 | L24: 75 | M24: 43 | N24: 10-P1S2C1AA | O24: AA | P24: 10 | Q24: 1
A25: 5 | B25: 77 | C25: =VLOOKUP(B25,Hoja2!A$2:B$872,2,FALSE) -> 25-P1S3C2FS | D25: =IF(LEN('pH measurement'!C25)>6,RIGHT(LEFT('pH measurement'!C25,11),2),RIGHT((LEFT(C25,4)),2)) -> FS | E25: =IF(LEN('pH measurement'!$C25)>6,LEFT(C25,2),1) -> 25 | F25: =IF(LEN('pH measurement'!$C25)>6,RIGHT(LEFT('pH measurement'!$C25,9),1),RIGHT(C25,1)) -> 2 | G25: 5.63 | L25: 81 | M25: 367 | N25: 10-P6S3C1AA -b | O25: AA | P25: 10 | Q25: 1
A26: 6 | B26: 398 | C26: =VLOOKUP(B26,Hoja2!A$2:B$872,2,FALSE) -> 25-P6S5C4AA | D26: =IF(LEN('pH measurement'!C26)>6,RIGHT(LEFT('pH measurement'!C26,11),2),RIGHT((LEFT(C26,4)),2)) -> AA | E26: =IF(LEN('pH measurement'!$C26)>6,LEFT(C26,2),1) -> 25 | F26: =IF(LEN('pH measurement'!$C26)>6,RIGHT(LEFT('pH measurement'!$C26,9),1),RIGHT(C26,1)) -> 4 | G26: 3.7 | L26: 63 | M26: 390 | N26: 10-P6S4C1FS | O26: FS | P26: 10 | Q26: 1
A27: 7 | B27: 1014 | C27: =VLOOKUP(B27,Hoja2!A$2:B$872,2,FALSE) -> 15AA2 | D27: =IF(LEN('pH measurement'!C27)>6,RIGHT(LEFT('pH measurement'!C27,11),2),RIGHT((LEFT(C27,4)),2)) -> AA | E27: =IF(LEN('pH measurement'!$C27)>6,LEFT(C27,2),1) -> 1 | F27: =IF(LEN('pH measurement'!$C27)>6,RIGHT(LEFT('pH measurement'!$C27,9),1),RIGHT(C27,1)) -> 2 | G27: 5.39 | L27: 70 | M27: 372 | N27: 10-P6S3C1FS | O27: FS | P27: 10 | Q27: 1
A28: 8 | B28: 379 | C28: =VLOOKUP(B28,Hoja2!A$2:B$872,2,FALSE) -> 25-P6S4C2AA | D28: =IF(LEN('pH measurement'!C28)>6,RIGHT(LEFT('pH measurement'!C28,11),2),RIGHT((LEFT(C28,4)),2)) -> AA | E28: =IF(LEN('pH measurement'!$C28)>6,LEFT(C28,2),1) -> 25 | F28: =IF(LEN('pH measurement'!$C28)>6,RIGHT(LEFT('pH measurement'!$C28,9),1),RIGHT(C28,1)) -> 2 | G28: 5.62 | L28: 83 | M28: 354 | N28: 10-P6S2C1FS | O28: FS | P28: 10 | Q28: 1
A29: 9 | B29: 381 | C29: =VLOOKUP(B29,Hoja2!A$2:B$872,2,FALSE) -> 25-P6S4C1FS | D29: =IF(LEN('pH measurement'!C29)>6,RIGHT(LEFT('pH measurement'!C29,11),2),RIGHT((LEFT(C29,4)),2)) -> FS | E29: =IF(LEN('pH measurement'!$C29)>6,LEFT(C29,2),1) -> 25 | F29: =IF(LEN('pH measurement'!$C29)>6,RIGHT(LEFT('pH measurement'!$C29,9),1),RIGHT(C29,1)) -> 1 | G29: 5.55 | L29: 88 | M29: 143 | N29: 10-P3S1C1FS | O29: FS | P29: 10 | Q29: 1
A30: 10 | B30: 1071 | C30: =VLOOKUP(B30,Hoja2!A$2:B$872,2,FALSE) -> 33FS2 | D30: =IF(LEN('pH measurement'!C30)>6,RIGHT(LEFT('pH measurement'!C30,11),2),RIGHT((LEFT(C30,4)),2)) -> FS | E30: =IF(LEN('pH measurement'!$C30)>6,LEFT(C30,2),1) -> 1 | F30: =IF(LEN('pH measurement'!$C30)>6,RIGHT(LEFT('pH measurement'!$C30,9),1),RIGHT(C30,1)) -> 2 | G30: 5.86 | L30: 74 | M30: 121 | N30: 25-P1S5C1AA | O30: AA | P30: 25 | Q30: 1
A31: 11 | B31: 1033 | C31: =VLOOKUP(B31,Hoja2!A$2:B$872,2,FALSE) -> 35AA4 | D31: =IF(LEN('pH measurement'!C31)>6,RIGHT(LEFT('pH measurement'!C31,11),2),RIGHT((LEFT(C31,4)),2)) -> AA | E31: =IF(LEN('pH measurement'!$C31)>6,LEFT(C31,2),1) -> 1 | F31: =IF(LEN('pH measurement'!$C31)>6,RIGHT(LEFT('pH measurement'!$C31,9),1),RIGHT(C31,1)) -> 4 | G31: 4.9 | L31: 53 | M31: 345 | N31: 25-P6S2C1FS | O31: FS | P31: 25 | Q31: 1
A32: 12 | B32: 342 | C32: =VLOOKUP(B32,Hoja2!A$2:B$872,2,FALSE) -> 25-P6S2C1AA | D32: =IF(LEN('pH measurement'!C32)>6,RIGHT(LEFT('pH measurement'!C32,11),2),RIGHT((LEFT(C32,4)),2)) -> AA | E32: =IF(LEN('pH measurement'!$C32)>6,LEFT(C32,2),1) -> 25 | F32: =IF(LEN('pH measurement'!$C32)>6,RIGHT(LEFT('pH measurement'!$C32,9),1),RIGHT(C32,1)) -> 1 | G32: 5.85 | L32: 54 | M32: 161 | N32: 25-P3S3C1FS | O32: FS | P32: 25 | Q32: 1
A33: 13 | B33: 1004 | C33: =VLOOKUP(B33,Hoja2!A$2:B$872,2,FALSE) -> 11FS1 | D33: =IF(LEN('pH measurement'!C33)>6,RIGHT(LEFT('pH measurement'!C33,11),2),RIGHT((LEFT(C33,4)),2)) -> FS | E33: =IF(LEN('pH measurement'!$C33)>6,LEFT(C33,2),1) -> 1 | F33: =IF(LEN('pH measurement'!$C33)>6,RIGHT(LEFT('pH measurement'!$C33,9),1),RIGHT(C33,1)) -> 1 | G33: 5.15 | L33: 78 | M33: 381 | N33: 25-P6S4C1FS | O33: FS | P33: 25 | Q33: 1
A34: 14 | B34: 1052 | C34: =VLOOKUP(B34,Hoja2!A$2:B$872,2,FALSE) -> 13FS1 | D34: =IF(LEN('pH measurement'!C34)>6,RIGHT(LEFT('pH measurement'!C34,11),2),RIGHT((LEFT(C34,4)),2)) -> FS | E34: =IF(LEN('pH measurement'!$C34)>6,LEFT(C34,2),1) -> 1 | F34: =IF(LEN('pH measurement'!$C34)>6,RIGHT(LEFT('pH measurement'!$C34,9),1),RIGHT(C34,1)) -> 1 | G34: 5.36 | L34: 51 | M34: 1002 | N34: 11AA2 | O34: AA | P34: 1 | Q34: 2
A35: 15 | B35: 139 | C35: =VLOOKUP(B35,Hoja2!A$2:B$872,2,FALSE) -> 25-P3S1C4FS | D35: =IF(LEN('pH measurement'!C35)>6,RIGHT(LEFT('pH measurement'!C35,11),2),RIGHT((LEFT(C35,4)),2)) -> FS | E35: =IF(LEN('pH measurement'!$C35)>6,LEFT(C35,2),1) -> 25 | F35: =IF(LEN('pH measurement'!$C35)>6,RIGHT(LEFT('pH measurement'!$C35,9),1),RIGHT(C35,1)) -> 4 | G35: 5.06 | L35: 86 | M35: 1044 | N35: 64AA2 | O35: AA | P35: 1 | Q35: 2
A36: 16 | B36: 148 | C36: =VLOOKUP(B36,Hoja2!A$2:B$872,2,FALSE) -> 25-P3S2C4AA | D36: =IF(LEN('pH measurement'!C36)>6,RIGHT(LEFT('pH measurement'!C36,11),2),RIGHT((LEFT(C36,4)),2)) -> AA | E36: =IF(LEN('pH measurement'!$C36)>6,LEFT(C36,2),1) -> 25 | F36: =IF(LEN('pH measurement'!$C36)>6,RIGHT(LEFT('pH measurement'!$C36,9),1),RIGHT(C36,1)) -> 4 | G36: 3.56 | L36: 61 | M36: 1083 | N36: 62FS2 | O36: FS | P36: 1 | Q36: 2
A37: 17 | B37: 1085 | C37: =VLOOKUP(B37,Hoja2!A$2:B$872,2,FALSE) -> 65AA1 | D37: =IF(LEN('pH measurement'!C37)>6,RIGHT(LEFT('pH measurement'!C37,11),2),RIGHT((LEFT(C37,4)),2)) -> AA | E37: =IF(LEN('pH measurement'!$C37)>6,LEFT(C37,2),1) -> 1 | F37: =IF(LEN('pH measurement'!$C37)>6,RIGHT(LEFT('pH measurement'!$C37,9),1),RIGHT(C37,1)) -> 1 | G37: 5.35 | L37: 58 | M37: 128 | N37: 10-P1S5C2AA | O37: AA | P37: 10 | Q37: 2
A38: 18 | B38: 1038 | C38: =VLOOKUP(B38,Hoja2!A$2:B$872,2,FALSE) -> 63AA2 | D38: =IF(LEN('pH measurement'!C38)>6,RIGHT(LEFT('pH measurement'!C38,11),2),RIGHT((LEFT(C38,4)),2)) -> AA | E38: =IF(LEN('pH measurement'!$C38)>6,LEFT(C38,2),1) -> 1 | F38: =IF(LEN('pH measurement'!$C38)>6,RIGHT(LEFT('pH measurement'!$C38,9),1),RIGHT(C38,1)) -> 2 | G38: 5.22 | L38: 62 | M38: 80 | N38: 10-P1S3C2AA | O38: AA | P38: 10 | Q38: 2
A39: 19 | B39: 138 | C39: =VLOOKUP(B39,Hoja2!A$2:B$872,2,FALSE) -> 25-P3S1C2FS | D39: =IF(LEN('pH measurement'!C39)>6,RIGHT(LEFT('pH measurement'!C39,11),2),RIGHT((LEFT(C39,4)),2)) -> FS | E39: =IF(LEN('pH measurement'!$C39)>6,LEFT(C39,2),1) -> 25 | F39: =IF(LEN('pH measurement'!$C39)>6,RIGHT(LEFT('pH measurement'!$C39,9),1),RIGHT(C39,1)) -> 2 | G39: 6.55 | L39: 73 | M39: 177 | N39: 10-P3S4C2AA | O39: AA | P39: 10 | Q39: 2
A40: 20 | B40: 1010 | C40: =VLOOKUP(B40,Hoja2!A$2:B$872,2,FALSE) -> 12FS1 | D40: =IF(LEN('pH measurement'!C40)>6,RIGHT(LEFT('pH measurement'!C40,11),2),RIGHT((LEFT(C40,4)),2)) -> FS | E40: =IF(LEN('pH measurement'!$C40)>6,LEFT(C40,2),1) -> 1 | F40: =IF(LEN('pH measurement'!$C40)>6,RIGHT(LEFT('pH measurement'!$C40,9),1),RIGHT(C40,1)) -> 1 | G40: 5.2 | L40: 90 | M40: 387 | N40: 10-P6S4C2AA -b | O40: AA | P40: 10 | Q40: 2
A41: 21 | B41: 78 | C41: =VLOOKUP(B41,Hoja2!A$2:B$872,2,FALSE) -> 25-P1S3C4FS | D41: =IF(LEN('pH measurement'!C41)>6,RIGHT(LEFT('pH measurement'!C41,11),2),RIGHT((LEFT(C41,4)),2)) -> FS | E41: =IF(LEN('pH measurement'!$C41)>6,LEFT(C41,2),1) -> 25 | F41: =IF(LEN('pH measurement'!$C41)>6,RIGHT(LEFT('pH measurement'!$C41,9),1),RIGHT(C41,1)) -> 4 | G41: 4.51 | L41: 91 | M41: 165 | N41: 10-P3S3C2AA | O41: AA | P41: 10 | Q41: 2
A42: 22 | B42: 6 | C42: =VLOOKUP(B42,Hoja2!A$2:B$872,2,FALSE) -> 25-P1S1C4FS | D42: =IF(LEN('pH measurement'!C42)>6,RIGHT(LEFT('pH measurement'!C42,11),2),RIGHT((LEFT(C42,4)),2)) -> FS | E42: =IF(LEN('pH measurement'!$C42)>6,LEFT(C42,2),1) -> 25 | F42: =IF(LEN('pH measurement'!$C42)>6,RIGHT(LEFT('pH measurement'!$C42,9),1),RIGHT(C42,1)) -> 4 | G42: 4.34 | L42: 77 | M42: 411 | N42: 10-P6S5C2FS -b | O42: FS | P42: 10 | Q42: 2
A43: 23 | B43: 175 | C43: =VLOOKUP(B43,Hoja2!A$2:B$872,2,FALSE) -> 25-P3S4C4FS | D43: =IF(LEN('pH measurement'!C43)>6,RIGHT(LEFT('pH measurement'!C43,11),2),RIGHT((LEFT(C43,4)),2)) -> FS | E43: =IF(LEN('pH measurement'!$C43)>6,LEFT(C43,2),1) -> 25 | F43: =IF(LEN('pH measurement'!$C43)>6,RIGHT(LEFT('pH measurement'!$C43,9),1),RIGHT(C43,1)) -> 4 | G43: 4.63 | L43: 79 | M43: 392 | N43: 10-P6S4C2FS | O43: FS | P43: 10 | Q43: 2
A44: 24 | B44: 193 | C44: =VLOOKUP(B44,Hoja2!A$2:B$872,2,FALSE) -> 10-P3S5C4FS | D44: =IF(LEN('pH measurement'!C44)>6,RIGHT(LEFT('pH measurement'!C44,11),2),RIGHT((LEFT(C44,4)),2)) -> FS | E44: =IF(LEN('pH measurement'!$C44)>6,LEFT(C44,2),1) -> 10 | F44: =IF(LEN('pH measurement'!$C44)>6,RIGHT(LEFT('pH measurement'!$C44,9),1),RIGHT(C44,1)) -> 4 | G44: 4.95 | L44: 80 | M44: 338 | N44: 10-P6S1C2FS | O44: FS | P44: 10 | Q44: 2
A45: 25 | B45: 384 | C45: =VLOOKUP(B45,Hoja2!A$2:B$872,2,FALSE) -> 10-P6S4C1AA | D45: =IF(LEN('pH measurement'!C45)>6,RIGHT(LEFT('pH measurement'!C45,11),2),RIGHT((LEFT(C45,4)),2)) -> AA | E45: =IF(LEN('pH measurement'!$C45)>6,LEFT(C45,2),1) -> 10 | F45: =IF(LEN('pH measurement'!$C45)>6,RIGHT(LEFT('pH measurement'!$C45,9),1),RIGHT(C45,1)) -> 1 | G45: 5.96 | L45: 85 | M45: 192 | N45: 10-P3S5C2FS | O45: FS | P45: 10 | Q45: 2
A46: 26 | B46: 1077 | C46: =VLOOKUP(B46,Hoja2!A$2:B$872,2,FALSE) -> 61FS2 | D46: =IF(LEN('pH measurement'!C46)>6,RIGHT(LEFT('pH measurement'!C46,11),2),RIGHT((LEFT(C46,4)),2)) -> FS | E46: =IF(LEN('pH measurement'!$C46)>6,LEFT(C46,2),1) -> 1 | F46: =IF(LEN('pH measurement'!$C46)>6,RIGHT(LEFT('pH measurement'!$C46,9),1),RIGHT(C46,1)) -> 2 | G46: 5.74 | L46: 69 | M46: 325 | N46: 25-P6S1C2AA | O46: AA | P46: 25 | Q46: 2
A47: 27 | B47: 1001 | C47: =VLOOKUP(B47,Hoja2!A$2:B$872,2,FALSE) -> 11AA1 | D47: =IF(LEN('pH measurement'!C47)>6,RIGHT(LEFT('pH measurement'!C47,11),2),RIGHT((LEFT(C47,4)),2)) -> AA | E47: =IF(LEN('pH measurement'!$C47)>6,LEFT(C47,2),1) -> 1 | F47: =IF(LEN('pH measurement'!$C47)>6,RIGHT(LEFT('pH measurement'!$C47,9),1),RIGHT(C47,1)) -> 1 | G47: 5.38 | L47: 57 | M47: 400 | N47: 25-P6S5C2FS | O47: FS | P47: 25 | Q47: 2
A48: 28 | B48: 1011 | C48: =VLOOKUP(B48,Hoja2!A$2:B$872,2,FALSE) -> 12FS2 | D48: =IF(LEN('pH measurement'!C48)>6,RIGHT(LEFT('pH measurement'!C48,11),2),RIGHT((LEFT(C48,4)),2)) -> FS | E48: =IF(LEN('pH measurement'!$C48)>6,LEFT(C48,2),1) -> 1 | F48: =IF(LEN('pH measurement'!$C48)>6,RIGHT(LEFT('pH measurement'!$C48,9),1),RIGHT(C48,1)) -> 2 | G48: 5.91 | L48: 71 | M48: 1075 | N48: 61AA4 | O48: AA | P48: 1 | Q48: 4
A49: 29 | B49: 1051 | C49: =VLOOKUP(B49,Hoja2!A$2:B$872,2,FALSE) -> 13AA4 | D49: =IF(LEN('pH measurement'!C49)>6,RIGHT(LEFT('pH measurement'!C49,11),2),RIGHT((LEFT(C49,4)),2)) -> AA | E49: =IF(LEN('pH measurement'!$C49)>6,LEFT(C49,2),1) -> 1 | F49: =IF(LEN('pH measurement'!$C49)>6,RIGHT(LEFT('pH measurement'!$C49,9),1),RIGHT(C49,1)) -> 4 | G49: 5.09 | L49: 72 | M49: 1045 | N49: 64AA4 | O49: AA | P49: 1 | Q49: 4
A50: 30 | B50: 378 | C50: =VLOOKUP(B50,Hoja2!A$2:B$872,2,FALSE) -> 25-P6S4C1AA | D50: =IF(LEN('pH measurement'!C50)>6,RIGHT(LEFT('pH measurement'!C50,11),2),RIGHT((LEFT(C50,4)),2)) -> AA | E50: =IF(LEN('pH measurement'!$C50)>6,LEFT(C50,2),1) -> 25 | F50: =IF(LEN('pH measurement'!$C50)>6,RIGHT(LEFT('pH measurement'!$C50,9),1),RIGHT(C50,1)) -> 1 | G50: 5.16 | L50: 56 | M50: 1030 | N50: 34FS4 | O50: FS | P50: 1 | Q50: 4
A51: 31 | B51: 328 | C51: =VLOOKUP(B51,Hoja2!A$2:B$872,2,FALSE) -> 25-P6S1C2FS | D51: =IF(LEN('pH measurement'!C51)>6,RIGHT(LEFT('pH measurement'!C51,11),2),RIGHT((LEFT(C51,4)),2)) -> FS | E51: =IF(LEN('pH measurement'!$C51)>6,LEFT(C51,2),1) -> 25 | F51: =IF(LEN('pH measurement'!$C51)>6,RIGHT(LEFT('pH measurement'!$C51,9),1),RIGHT(C51,1)) -> 2 | G51: 5.17 | L51: 60 | M51: 1006 | N51: 11FS4 | O51: FS | P51: 1 | Q51: 4
A52: 32 | B52: 1088 | C52: =VLOOKUP(B52,Hoja2!A$2:B$872,2,FALSE) -> 65FS1 | D52: =IF(LEN('pH measurement'!C52)>6,RIGHT(LEFT('pH measurement'!C52,11),2),RIGHT((LEFT(C52,4)),2)) -> FS | E52: =IF(LEN('pH measurement'!$C52)>6,LEFT(C52,2),1) -> 1 | F52: =IF(LEN('pH measurement'!$C52)>6,RIGHT(LEFT('pH measurement'!$C52,9),1),RIGHT(C52,1)) -> 1 | G52: 5.4 | L52: 76 | M52: 1078 | N52: 61FS4 | O52: FS | P52: 1 | Q52: 4
A53: 33 | B53: 375 | C53: =VLOOKUP(B53,Hoja2!A$2:B$872,2,FALSE) -> 10-P6S3C2FS -b | D53: =IF(LEN('pH measurement'!C53)>6,RIGHT(LEFT('pH measurement'!C53,11),2),RIGHT((LEFT(C53,4)),2)) -> FS | E53: =IF(LEN('pH measurement'!$C53)>6,LEFT(C53,2),1) -> 10 | F53: =IF(LEN('pH measurement'!$C53)>6,RIGHT(LEFT('pH measurement'!$C53,9),1),RIGHT(C53,1)) -> 2 | G53: 4.43 | L53: 55 | M53: 190 | N53: 10-P3S5C4AA | O53: AA | P53: 10 | Q53: 4
A54: 34 | B54: 1009 | C54: =VLOOKUP(B54,Hoja2!A$2:B$872,2,FALSE) -> 12AA4 | D54: =IF(LEN('pH measurement'!C54)>6,RIGHT(LEFT('pH measurement'!C54,11),2),RIGHT((LEFT(C54,4)),2)) -> AA | E54: =IF(LEN('pH measurement'!$C54)>6,LEFT(C54,2),1) -> 1 | F54: =IF(LEN('pH measurement'!$C54)>6,RIGHT(LEFT('pH measurement'!$C54,9),1),RIGHT(C54,1)) -> 4 | G54: 4.86 | L54: 82 | M54: 353 | N54: 10-P6S2C4AA -b | O54: AA | P54: 10 | Q54: 4
A55: 35 | B55: 1046 | C55: =VLOOKUP(B55,Hoja2!A$2:B$872,2,FALSE) -> 64FS1 | D55: =IF(LEN('pH measurement'!C55)>6,RIGHT(LEFT('pH measurement'!C55,11),2),RIGHT((LEFT(C55,4)),2)) -> FS | E55: =IF(LEN('pH measurement'!$C55)>6,LEFT(C55,2),1) -> 1 | F55: =IF(LEN('pH measurement'!$C55)>6,RIGHT(LEFT('pH measurement'!$C55,9),1),RIGHT(C55,1)) -> 1 | G55: 5.36 | L55: 87 | M55: 389 | N55: 10-P6S4C4AA -b | O55: AA | P55: 10 | Q55: 4
A56: 36 | B56: 1084 | C56: =VLOOKUP(B56,Hoja2!A$2:B$872,2,FALSE) -> 62FS4 | D56: =IF(LEN('pH measurement'!C56)>6,RIGHT(LEFT('pH measurement'!C56,11),2),RIGHT((LEFT(C56,4)),2)) -> FS | E56: =IF(LEN('pH measurement'!$C56)>6,LEFT(C56,2),1) -> 1 | F56: =IF(LEN('pH measurement'!$C56)>6,RIGHT(LEFT('pH measurement'!$C56,9),1),RIGHT(C56,1)) -> 4 | G56: 5.58 | L56: 89 | M56: 388 | N56: 10-P6S4C4AA | O56: AA | P56: 10 | Q56: 4
A57: 37 | B57: 1036 | C57: =VLOOKUP(B57,Hoja2!A$2:B$872,2,FALSE) -> 35FS4 | D57: =IF(LEN('pH measurement'!C57)>6,RIGHT(LEFT('pH measurement'!C57,11),2),RIGHT((LEFT(C57,4)),2)) -> FS | E57: =IF(LEN('pH measurement'!$C57)>6,LEFT(C57,2),1) -> 1 | F57: =IF(LEN('pH measurement'!$C57)>6,RIGHT(LEFT('pH measurement'!$C57,9),1),RIGHT(C57,1)) -> 4 | G57: 5.32 | L57: 64 | M57: 132 | N57: 10-P1S5C4FS | O57: FS | P57: 10 | Q57: 4
A58: 38 | B58: 360 | C58: =VLOOKUP(B58,Hoja2!A$2:B$872,2,FALSE) -> 25-P6S3C1AA | D58: =IF(LEN('pH measurement'!C58)>6,RIGHT(LEFT('pH measurement'!C58,11),2),RIGHT((LEFT(C58,4)),2)) -> AA | E58: =IF(LEN('pH measurement'!$C58)>6,LEFT(C58,2),1) -> 25 | F58: =IF(LEN('pH measurement'!$C58)>6,RIGHT(LEFT('pH measurement'!$C58,9),1),RIGHT(C58,1)) -> 1 | G58: 5.56 | L58: 68 | M58: 412 | N58: 10-P6S5C4FS | O58: FS | P58: 10 | Q58: 4
A59: 39 | B59: 41 | C59: =VLOOKUP(B59,Hoja2!A$2:B$872,2,FALSE) -> 25-P1S2C2FS | D59: =IF(LEN('pH measurement'!C59)>6,RIGHT(LEFT('pH measurement'!C59,11),2),RIGHT((LEFT(C59,4)),2)) -> FS | E59: =IF(LEN('pH measurement'!$C59)>6,LEFT(C59,2),1) -> 25 | F59: =IF(LEN('pH measurement'!$C59)>6,RIGHT(LEFT('pH measurement'!$C59,9),1),RIGHT(C59,1)) -> 2 | G59: 5.31 | L59: 84 | M59: 169 | N59: 10-P3S3C4FS | O59: FS | P59: 10 | Q59: 4
A60: 40 | B60: 395 | C60: =VLOOKUP(B60,Hoja2!A$2:B$872,2,FALSE) -> 10-P6S4C4FS -b | D60: =IF(LEN('pH measurement'!C60)>6,RIGHT(LEFT('pH measurement'!C60,11),2),RIGHT((LEFT(C60,4)),2)) -> FS | E60: =IF(LEN('pH measurement'!$C60)>6,LEFT(C60,2),1) -> 10 | F60: =IF(LEN('pH measurement'!$C60)>6,RIGHT(LEFT('pH measurement'!$C60,9),1),RIGHT(C60,1)) -> 4 | G60: 5.1 | L60: 52 | M60: 136 | N60: 25-P3S1C4AA | O60: AA | P60: 25 | Q60: 4
A61: 41 | B61: 2 | C61: =VLOOKUP(B61,Hoja2!A$2:B$872,2,FALSE) -> 25-P1S1C2AA | D61: =IF(LEN('pH measurement'!C61)>6,RIGHT(LEFT('pH measurement'!C61,11),2),RIGHT((LEFT(C61,4)),2)) -> AA | E61: =IF(LEN('pH measurement'!$C61)>6,LEFT(C61,2),1) -> 25 | F61: =IF(LEN('pH measurement'!$C61)>6,RIGHT(LEFT('pH measurement'!$C61,9),1),RIGHT(C61,1)) -> 2 | G61: 5.73 | L61: 59 | M61: 123 | N61: 25-P1S5C4AA | O61: AA | P61: 25 | Q61: 4
A62: 42 | B62: 402 | C62: =VLOOKUP(B62,Hoja2!A$2:B$872,2,FALSE) -> 10-P6S5C1AA | D62: =IF(LEN('pH measurement'!C62)>6,RIGHT(LEFT('pH measurement'!C62,11),2),RIGHT((LEFT(C62,4)),2)) -> AA | E62: =IF(LEN('pH measurement'!$C62)>6,LEFT(C62,2),1) -> 10 | F62: =IF(LEN('pH measurement'!$C62)>6,RIGHT(LEFT('pH measurement'!$C62,9),1),RIGHT(C62,1)) -> 1 | G62: 5.81
A63: 43 | B63: 166 | C63: =VLOOKUP(B63,Hoja2!A$2:B$872,2,FALSE) -> 10-P3S3C4AA | D63: =IF(LEN('pH measurement'!C63)>6,RIGHT(LEFT('pH measurement'!C63,11),2),RIGHT((LEFT(C63,4)),2)) -> AA | E63: =IF(LEN('pH measurement'!$C63)>6,LEFT(C63,2),1) -> 10 | F63: =IF(LEN('pH measurement'!$C63)>6,RIGHT(LEFT('pH measurement'!$C63,9),1),RIGHT(C63,1)) -> 4 | G63: 4.52
A64: 44 | B64: 363 | C64: =VLOOKUP(B64,Hoja2!A$2:B$872,2,FALSE) -> 25-P6S3C1FS | D64: =IF(LEN('pH measurement'!C64)>6,RIGHT(LEFT('pH measurement'!C64,11),2),RIGHT((LEFT(C64,4)),2)) -> FS | E64: =IF(LEN('pH measurement'!$C64)>6,LEFT(C64,2),1) -> 25 | F64: =IF(LEN('pH measurement'!$C64)>6,RIGHT(LEFT('pH measurement'!$C64,9),1),RIGHT(C64,1)) -> 1 | G64: 5.78
A65: 45 | B65: 1005 | C65: =VLOOKUP(B65,Hoja2!A$2:B$872,2,FALSE) -> 11FS2 | D65: =IF(LEN('pH measurement'!C65)>6,RIGHT(LEFT('pH measurement'!C65,11),2),RIGHT((LEFT(C65,4)),2)) -> FS | E65: =IF(LEN('pH measurement'!$C65)>6,LEFT(C65,2),1) -> 1 | F65: =IF(LEN('pH measurement'!$C65)>6,RIGHT(LEFT('pH measurement'!$C65,9),1),RIGHT(C65,1)) -> 2 | G65: 5.67
A66: 46 | B66: 114 | C66: =VLOOKUP(B66,Hoja2!A$2:B$872,2,FALSE) -> 25-P1S4C4FS | D66: =IF(LEN('pH measurement'!C66)>6,RIGHT(LEFT('pH measurement'!C66,11),2),RIGHT((LEFT(C66,4)),2)) -> FS | E66: =IF(LEN('pH measurement'!$C66)>6,LEFT(C66,2),1) -> 25 | F66: =IF(LEN('pH measurement'!$C66)>6,RIGHT(LEFT('pH measurement'!$C66,9),1),RIGHT(C66,1)) -> 4 | G66: 5.57
A67: 47 | B67: 1074 | C67: =VLOOKUP(B67,Hoja2!A$2:B$872,2,FALSE) -> 61AA2 | D67: =IF(LEN('pH measurement'!C67)>6,RIGHT(LEFT('pH measurement'!C67,11),2),RIGHT((LEFT(C67,4)),2)) -> AA | E67: =IF(LEN('pH measurement'!$C67)>6,LEFT(C67,2),1) -> 1 | F67: =IF(LEN('pH measurement'!$C67)>6,RIGHT(LEFT('pH measurement'!$C67,9),1),RIGHT(C67,1)) -> 2 | G67: 5.4
A68: 48 | B68: 4 | C68: =VLOOKUP(B68,Hoja2!A$2:B$872,2,FALSE) -> 25-P1S1C1FS | D68: =IF(LEN('pH measurement'!C68)>6,RIGHT(LEFT('pH measurement'!C68,11),2),RIGHT((LEFT(C68,4)),2)) -> FS | E68: =IF(LEN('pH measurement'!$C68)>6,LEFT(C68,2),1) -> 25 | F68: =IF(LEN('pH measurement'!$C68)>6,RIGHT(LEFT('pH measurement'!$C68,9),1),RIGHT(C68,1)) -> 1 | G68: 5.38
A69: 49 | B69: 391 | C69: =VLOOKUP(B69,Hoja2!A$2:B$872,2,FALSE) -> 10-P6S4C1FS -b | D69: =IF(LEN('pH measurement'!C69)>6,RIGHT(LEFT('pH measurement'!C69,11),2),RIGHT((LEFT(C69,4)),2)) -> FS | E69: =IF(LEN('pH measurement'!$C69)>6,LEFT(C69,2),1) -> 10 | F69: =IF(LEN('pH measurement'!$C69)>6,RIGHT(LEFT('pH measurement'!$C69,9),1),RIGHT(C69,1)) -> 1 | G69: 5.77
A70: 50 | B70: 183 | C70: =VLOOKUP(B70,Hoja2!A$2:B$872,2,FALSE) -> 25-P3S5C2AA | D70: =IF(LEN('pH measurement'!C70)>6,RIGHT(LEFT('pH measurement'!C70,11),2),RIGHT((LEFT(C70,4)),2)) -> AA | E70: =IF(LEN('pH measurement'!$C70)>6,LEFT(C70,2),1) -> 25 | F70: =IF(LEN('pH measurement'!$C70)>6,RIGHT(LEFT('pH measurement'!$C70,9),1),RIGHT(C70,1)) -> 2 | G70: 4.88
A71: 51 | B71: 1002 | C71: =VLOOKUP(B71,Hoja2!A$2:B$872,2,FALSE) -> 11AA2 | D71: =IF(LEN('pH measurement'!C71)>6,RIGHT(LEFT('pH measurement'!C71,11),2),RIGHT((LEFT(C71,4)),2)) -> AA | E71: =IF(LEN('pH measurement'!$C71)>6,LEFT(C71,2),1) -> 1 | F71: =IF(LEN('pH measurement'!$C71)>6,RIGHT(LEFT('pH measurement'!$C71,9),1),RIGHT(C71,1)) -> 2 | G71: 6
A72: 52 | B72: 136 | C72: =VLOOKUP(B72,Hoja2!A$2:B$872,2,FALSE) -> 25-P3S1C4AA | D72: =IF(LEN('pH measurement'!C72)>6,RIGHT(LEFT('pH measurement'!C72,11),2),RIGHT((LEFT(C72,4)),2)) -> AA | E72: =IF(LEN('pH measurement'!$C72)>6,LEFT(C72,2),1) -> 25 | F72: =IF(LEN('pH measurement'!$C72)>6,RIGHT(LEFT('pH measurement'!$C72,9),1),RIGHT(C72,1)) -> 4 | G72: 4.16
A73: 53 | B73: 345 | C73: =VLOOKUP(B73,Hoja2!A$2:B$872,2,FALSE) -> 25-P6S2C1FS | D73: =IF(LEN('pH measurement'!C73)>6,RIGHT(LEFT('pH measurement'!C73,11),2),RIGHT((LEFT(C73,4)),2)) -> FS | E73: =IF(LEN('pH measurement'!$C73)>6,LEFT(C73,2),1) -> 25 | F73: =IF(LEN('pH measurement'!$C73)>6,RIGHT(LEFT('pH measurement'!$C73,9),1),RIGHT(C73,1)) -> 1 | G73: 6.04
... A111: 91 | B111: 165 | C111: =VLOOKUP(B111,Hoja2!A$2:B$872,2,FALSE) -> 10-P3S3C2AA | D111: =IF(LEN('pH measurement'!C111)>6,RIGHT(LEFT('pH measurement'!C111,11),2),RIGHT((LEFT(C111,4)),2)) -> AA | E111: =IF(LEN('pH measurement'!$C111)>6,LEFT(C111,2),1) -> 10 | F111: =IF(LEN('pH measurement'!$C111)>6,RIGHT(LEFT('pH measurement'!$C111,9),1),RIGHT(C111,1)) -> 2 | G111: 5.76
A112: 1 | G112: 4.86
A113: 1 | G113: 4.93
A114: 1 | G114: 4.93
A115: 1 | G115: 4.93

Sheet Hoja3
A3: Etiquetas de fila | B3: Promedio de pH | C3: Desvest de pH
A4: AA | B4: 5.1245682 | C4: 0.73546478 | F4: Abies
A5: 1 | B5: 5.17 | C5: 0.38011277 | F5: 1 | I5: 10 | L5: 25
A6: 1 | B6: 5.176 | C6: 0.35146835 | F6: 1 | G6: 2 | H6: 4 | I6: 1 | J6: 2 | K6: 4 | L6: 1 | M6: 2 | N6: 4
A7: 2 | B7: 5.492 | C7: 0.29693434 | E7: Avg | F7: 5.176 | G7: 5.492 | H7: 4.842 | I7: 5.658 | J7: 5.9602 | K7: 4.362 | L7: 5.585 | M7: 5.326 | N7: 3.812
A8: 4 | B8: 4.842 | C8: 0.1728294 | E8: Desv | F8: 0.35146835 | G8: 0.29693434 | H8: 0.1728294 | I8: 0.24539764 | J8: 0.16918983 | K8: 0.74065512 | L8: 0.30859898 | M8: 0.41385988 | N8: 0.2225309
A9: 10 | B9: 5.3267333 | C9: 0.83487813 | E9: STD Error | F9: =F8/SQRT(5) -> 0.15718142 | G9: =G8/SQRT(5) -> 0.13279307 | H9: =H8/SQRT(5) -> 0.077291655 | I9: =I8/SQRT(5) -> 0.10974516 | J9: =J8/SQRT(5) -> 0.075663994 | K9: =K8/SQRT(5) -> 0.33123104 | L9: =L8/SQRT(5) -> 0.13800966 | M9: =M8/SQRT(5) -> 0.18508376 | N9: =N8/SQRT(5) -> 0.099518842
A10: 1 | B10: 5.658 | C10: 0.24539764 | F10: Fagus
A11: 2 | B11: 5.9602 | C11: 0.16918983 | F11: 1 | I11: 10 | L11: 25
A12: 4 | B12: 4.362 | C12: 0.74065512 | F12: 1 | G12: 2 | H12: 4 | I12: 1 | J12: 2 | K12: 4 | L12: 1 | M12: 2 | N12: 4
A13: 25 | B13: 4.8592857 | C13: 0.87039747 | E13: Avg | F13: 5.294 | G13: 5.762 | H13: 5.27 | I13: 5.686 | J13: 4.974 | K13: 4.718 | L13: 5.7283333 | M13: 5.7 | N13: 4.822
A14: 1 | B14: 5.585 | C14: 0.30859898 | E14: Desv | F14: 0.11126545 | G14: 0.12029131 | H14: 0.22102036 | I14: 0.29099828 | J14: 0.33246052 | K14: 0.34441254 | L14: 0.23155273 | M14: 0.54313902 | N14: 0.49565109
A15: 2 | B15: 5.326 | C15: 0.41385988 | E15: STD Error | F15: =F14/SQRT(5) -> 0.049759421 | G15: =G14/SQRT(5) -> 0.053795911 | H15: =H14/SQRT(5) -> 0.09884331 | I15: =I14/SQRT(5) -> 0.13013839 | J15: =J14/SQRT(5) -> 0.14868087 | K15: =K14/SQRT(5) -> 0.15402597 | L15: =L14/SQRT(5) -> 0.10355353 | M15: =M14/SQRT(5) -> 0.24289916 | N15: =N14/SQRT(5) -> 0.2216619
A16: 4 | B16: 3.812 | C16: 0.2225309
A17: Birch | B17: 4.95 | C17: #DIV/0!
A18: (en blanco) | B18: 4.95 | C18: #DIV/0!
A19: (en blanco) | B19: 4.95 | C19: #DIV/0!
A20: FS | B20: 5.3369565 | C20: 0.49466428
A21: 1 | B21: 5.442 | C21: 0.2767464
A22: 1 | B22: 5.294 | C22: 0.11126545
A23: 2 | B23: 5.762 | C23: 0.12029131
A24: 4 | B24: 5.27 | C24: 0.22102036
A25: 10 | B25: 5.126 | C25: 0.51900729
A26: 1 | B26: 5.686 | C26: 0.29099828
A27: 2 | B27: 4.974 | C27: 0.33246052
A28: 4 | B28: 4.718 | C28: 0.34441254
A29: 25 | B29: 5.43625 | C29: 0.58747908
A30: 1 | B30: 5.7283333 | C30: 0.23155273
A31: 2 | B31: 5.7 | C31: 0.54313902
A32: 4 | B32: 4.822 | C32: 0.49565109
A33: Total general | B33: 5.230011 | C33: 0.6268436

Sheet Lignin measurement Plates
A1: Final plate 1 | P1: Results
B2: 1 | C2: 2 | D2: 3 | E2: 4 | F2: 5 | G2: 6 | H2: 7 | I2: 8 | J2: 9 | K2: 10 | L2: 11 | M2: 12 | P2: Actual Temperature: | Q2: 23.3
A3: A | B3: 162 | E3: 150 | H3: 1023 | K3: Blank | R3: 1 | S3: 2 | T3: 3 | U3: 4 | V3: 5 | W3: 6 | X3: 7 | Y3: 8 | Z3: 9 | AA3: 10 | AB3: 11 | AC3: 12
A4: B | B4: 1070 | E4: 125 | H4: 1089 | K4: 176 | Q4: A | R4: 0.996 | S4: 0.966 | T4: 0.977 | U4: 0.91 | V4: 0.914 | W4: 0.953 | X4: 1.151 | Y4: 1.181 | Z4: 1.217 | AA4: 0.24 | AB4: 0.234 | AC4: 0.245 | AD4: 205
A5: C | B5: 171 | E5: 1019 | H5: 1032 | K5: 146 | R5: 0.757 | S5: 0.727 | T5: 0.737 | U5: 0.67 | V5: 0.675 | W5: 0.714 | X5: 0.911 | Y5: 0.941 | Z5: 0.977 | AA5: 0.001 | AB5: -0.006 | AC5: 0.005 | AD5: Blank 205
A6: D | B6: 1086 | E6: 1055 | H6: 189 | K6: ???? | Q6: B | R6: 1.098 | S6: 1.166 | T6: 1.122 | U6: 0.946 | V6: 0.952 | W6: 0.968 | X6: 1.04 | Y6: 1.079 | Z6: 1.068 | AA6: 0.943 | AB6: 0.483 | AC6: 0.486 | AD6: 205
A7: E | B7: 1047 | E7: 708 | H7: ????1 | K7: 1007 | R7: 0.859 | S7: 0.927 | T7: 0.883 | U7: 0.707 | V7: 0.712 | W7: 0.728 | X7: 0.801 | Y7: 0.839 | Z7: 0.828 | AA7: 0.704 | AB7: 0.243 | AC7: 0.247 | AD7: Blank 205
A8: F | B8: 149 | E8: 1027 | H8: 1063 | K8: 1025 | Q8: C | R8: 0.355 | S8: 0.344 | T8: 0.364 | U8: 0.473 | V8: 0.439 | W8: 0.441 | X8: 0.402 | Y8: 0.419 | Z8: 0.411 | AA8: 0.391 | AB8: 0.409 | AC8: 0.421 | AD8: 205
A9: G | B9: 1039 | E9: 40 | H9: 120 | K9: 84 | R9: 0.115 | S9: 0.104 | T9: 0.124 | U9: 0.233 | V9: 0.199 | W9: 0.201 | X9: 0.162 | Y9: 0.179 | Z9: 0.171 | AA9: 0.152 | AB9: 0.169 | AC9: 0.181 | AD9: Blank 205
A10: H | B10: 170 | E10: 157 | H10: 409 | K10: 373 | Q10: D | R10: 0.364 | S10: 0.363 | T10: 0.36 | U10: 0.406 | V10: 0.422 | W10: 0.426 | X10: 0.44 | Y10: 0.436 | Z10: 0.448 | AA10: 0.904 | AB10: 0.916 | AC10: 0.946 | AD10: 205
R11: 0.124 | S11: 0.123 | T11: 0.12 | U11: 0.167 | V11: 0.182 | W11: 0.187 | X11: 0.2 | Y11: 0.197 | Z11: 0.208 | AA11: 0.665 | AB11: 0.676 | AC11: 0.706 | AD11: Blank 205
Q12: E | R12: 1.042 | S12: 1.017 | T12: 1.026 | U12: 0.458 | V12: 0.423 | W12: 0.497 | X12: 0.927 | Y12: 0.872 | Z12: 0.875 | AA12: 0.451 | AB12: 0.506 | AC12: 0.437 | AD12: 205
R13: 0.802 | S13: 0.777 | T13: 0.786 | U13: 0.218 | V13: 0.183 | W13: 0.257 | X13: 0.688 | Y13: 0.632 | Z13: 0.635 | AA13: 0.211 | AB13: 0.266 | AC13: 0.198 | AD13: Blank 205
Q14: F | R14: 0.76 | S14: 0.78 | T14: 0.792 | U14: 0.448 | V14: 0.44 | W14: 0.432 | X14: 0.473 | Y14: 0.478 | Z14: 0.478 | AA14: 0.406 | AB14: 0.384 | AC14: 0.367 | AD14: 205
R15: 0.521 | S15: 0.54 | T15: 0.553 | U15: 0.208 | V15: 0.2 | W15: 0.192 | X15: 0.234 | Y15: 0.238 | Z15: 0.239 | AA15: 0.167 | AB15: 0.144 | AC15: 0.127 | AD15: Blank 205
B16: + | Q16: G | R16: 0.53 | S16: 0.515 | T16: 0.489 | U16: 0.964 | V16: 0.964 | W16: 0.991 | X16: 1.035 | Y16: 1.039 | Z16: 1.062 | AA16: 0.991 | AB16: 0.977 | AC16: 1.124 | AD16: 205
R17: 0.291 | S17: 0.276 | T17: 0.249 | U17: 0.724 | V17: 0.725 | W17: 0.752 | X17: 0.795 | Y17: 0.799 | Z17: 0.822 | AA17: 0.751 | AB17: 0.737 | AC17: 0.885 | AD17: Blank 205
Q18: H | R18: 0.392 | S18: 0.391 | T18: 0.473 | U18: 1.136 | V18: 1.144 | W18: 1.135 | X18: 0.986 | Y18: 0.987 | Z18: 0.994 | AA18: 1.015 | AB18: 1.057 | AC18: 1.035 | AD18: 205
R19: 0.152 | S19: 0.151 | T19: 0.233 | U19: 0.896 | V19: 0.904 | W19: 0.895 | X19: 0.746 | Y19: 0.748 | Z19: 0.755 | AA19: 0.775 | AB19: 0.817 | AC19: 0.795 | AD19: Blank 205
A22: Final plate 2
B23: 1 | C23: 2 | D23: 3 | E23: 4 | F23: 5 | G23: 6 | H23: 7 | I23: 8 | J23: 9 | K23: 10 | L23: 11 | M23: 12 | R23: 1 | S23: 2 | T23: 3 | U23: 4 | V23: 5 | W23: 6 | X23: 7 | Y23: 8 | Z23: 9 | AA23: 10 | AB23: 11 | AC23: 12
A24: A | Q24: A | R24: 0.293 | S24: 0.235 | T24: 0.218 | U24: 0.214 | V24: 0.216 | W24: 0.223 | X24: 0.239 | Y24: 0.225 | Z24: 0.231 | AA24: 0.229 | AB24: 0.226 | AC24: 0.27 | AD24: 205
A25: B | R25: 0.069 | S25: 0.011 | T25: -0.006 | U25: -0.01 | V25: -0.007 | W25: -0.001 | X25: 0.016 | Y25: 0.001 | Z25: 0.007 | AA25: 0.006 | AB25: 0.003 | AC25: 0.046 | AD25: Blank 205
A26: C | K26: 7 | Q26: B | R26: 0.225 | S26: 0.229 | T26: 0.234 | U26: 0.222 | V26: 0.241 | W26: 0.212 | X26: 0.223 | Y26: 0.225 | Z26: 0.224 | AA26: 0.224 | AB26: 0.216 | AC26: 0.223 | AD26: 205
A27: D | B27: Blank | H27: 142 | K27: 368 | R27: 0.001 | S27: 0.005 | T27: 0.011 | U27: -0.002 | V27: 0.018 | W27: -0.011 | X27: 0 | Y27: 0.001 | Z27: 0 | AA27: 0 | AB27: -0.007 | AC27: -0.001 | AD27: Blank 205
A28: E | B28: 1003 | E28: 3 | H28: 331 | K28: 127 | Q28: C | R28: 0.218 | S28: 0.21 | T28: 0.218 | U28: 0.215 | V28: 0.222 | W28: 0.217 | X28: 0.216 | Y28: 0.21 | Z28: 0.216 | AA28: 0.327 | AB28: 0.339 | AC28: 0.329 | AD28: 205
A29: F | B29: 362 | E29: 385 | H29: 118 | K29: 1018 | R29: -0.006 | S29: -0.013 | T29: -0.006 | U29: -0.009 | V29: -0.002 | W29: -0.007 | X29: -0.008 | Y29: -0.014 | Z29: -0.008 | AA29: 0.103 | AB29: 0.115 | AC29: 0.105 | AD29: Blank 205
A30: G | B30: 355 | E30: 1048 | H30: 396 | K30: 324 | Q30: D | R30: 0.227 | S30: 0.222 | T30: 0.222 | U30: 0.221 | V30: 0.208 | W30: 0.217 | X30: 0.479 | Y30: 0.451 | Z30: 0.445 | AA30: 0.349 | AB30: 0.344 | AC30: 0.342 | AD30: 205
A31: H | B31: 344 | E31: 75 | H31: 326 | K31: 361 | R31: 0.003 | S31: -0.002 | T31: -0.001 | U31: -0.003 | V31: -0.015 | W31: -0.007 | X31: 0.255 | Y31: 0.227 | Z31: 0.222 | AA31: 0.126 | AB31: 0.12 | AC31: 0.118 | AD31: Blank 205
Q32: E | R32: 0.456 | S32: 0.439 | T32: 0.425 | U32: 0.448 | V32: 0.446 | W32: 0.453 | X32: 0.337 | Y32: 0.33 | Z32: 0.328 | AA32: 0.344 | AB32: 0.338 | AC32: 0.347 | AD32: 205
R33: 0.232 | S33: 0.216 | T33: 0.201 | U33: 0.224 | V33: 0.222 | W33: 0.229 | X33: 0.114 | Y33: 0.106 | Z33: 0.104 | AA33: 0.12 | AB33: 0.114 | AC33: 0.123 | AD33: Blank 205
Q34: F | R34: 0.671 | S34: 0.641 | T34: 0.643 | U34: 0.343 | V34: 0.332 | W34: 0.343 | X34: 0.932 | Y34: 0.915 | Z34: 0.89 | AA34: 0.91 | AB34: 0.925 | AC34: 0.918 | AD34: 205
R35: 0.448 | S35: 0.417 | T35: 0.419 | U35: 0.119 | V35: 0.108 | W35: 0.119 | X35: 0.709 | Y35: 0.692 | Z35: 0.666 | AA35: 0.686 | AB35: 0.701 | AC35: 0.694 | AD35: Blank 205
Q36: G | R36: 1.493 | S36: 1.436 | T36: 1.418 | U36: 1.073 | V36: 1.095 | W36: 1.098 | X36: 0.379 | Y36: 0.363 | Z36: 0.432 | AA36: 0.352 | AB36: 0.373 | AC36: 0.369 | AD36: 205
R37: 1.269 | S37: 1.213 | T37: 1.195 | U37: 0.85 | V37: 0.872 | W37: 0.874 | X37: 0.155 | Y37: 0.14 | Z37: 0.209 | AA37: 0.128 | AB37: 0.149 | AC37: 0.146 | AD37: Blank 205
Q38: H | R38: 0.83 | S38: 0.823 | T38: 0.827 | U38: 0.451 | V38: 0.48 | W38: 0.441 | X38: 0.572 | Y38: 0.507 | Z38: 0.516 | AA38: 0.359 | AB38: 0.373 | AC38: 0.366 | AD38: 205
R39: 0.606 | S39: 0.599 | T39: 0.604 | U39: 0.227 | V39: 0.257 | W39: 0.217 | X39: 0.348 | Y39: 0.283 | Z39: 0.292 | AA39: 0.136 | AB39: 0.149 | AC39: 0.143 | AD39: Blank 205
B41: Plate 1 | C41: 162 | F41: =AVERAGE(R5:T5) -> 0.74033333 | I41: 150 | L41: =AVERAGE(U5:W5) -> 0.68633333 | O41: 1023 | R41: =AVERAGE(X5:Z5) -> 0.943 | T41: Blank | W41: =AVERAGE(AA5:AC5) -> 0
C42: 1070 | F42: =AVERAGE(R7:T7) -> 0.88966667 | I42: 125 | L42: =AVERAGE(U7:W7) -> 0.71566667 | O42: 1089 | R42: =AVERAGE(X7:Z7) -> 0.82266667 | T42: 176 | W42: =AVERAGE(AA7:AC7) -> 0.398
C43: 171 | F43: =AVERAGE(R9:T9) -> 0.11433333 | I43: 1019 | L43: =AVERAGE(U9:W9) -> 0.211 | O43: 1032 | R43: =AVERAGE(X9:Z9) -> 0.17066667 | T43: 146 | W43: =AVERAGE(AA9:AC9) -> 0.16733333
C44: 1086 | F44: =AVERAGE(R11:T11) -> 0.12233333 | I44: 1055 | L44: =AVERAGE(U11:W11) -> 0.17866667 | O44: 189 | R44: =AVERAGE(X11:Z11) -> 0.20166667 | T44: ???? | W44: =AVERAGE(AA11:AC11) -> 0.68233333
C45: 1047 | F45: =AVERAGE(R13:T13) -> 0.78833333 | I45: 708 | L45: =AVERAGE(U13:W13) -> 0.21933333 | O45: ????1 | R45: =AVERAGE(X13:Z13) -> 0.65166667 | T45: 1007 | W45: =AVERAGE(AA13:AC13) -> 0.225
C46: 149 | F46: =AVERAGE(R15:T15) -> 0.538 | I46: 1027 | L46: =AVERAGE(U15:W15) -> 0.2 | O46: 1063 | R46: =AVERAGE(X15:Z15) -> 0.237 | T46: 1025 | W46: =AVERAGE(AA15:AC15) -> 0.146
C47: 1039 | F47: =AVERAGE(R17:T17) -> 0.272 | I47: 40 | L47: =AVERAGE(U17:W17) -> 0.73366667 | O47: 120 | R47: =AVERAGE(X17:Z17) -> 0.80533333 | T47: 84 | W47: =AVERAGE(AA17:AC17) -> 0.791
C48: 170 | F48: =AVERAGE(R19:T19) -> 0.17866667 | I48: 157 | L48: =AVERAGE(U19:W19) -> 0.89833333 | O48: 409 | R48: =AVERAGE(X19:Z19) -> 0.74966667 | T48: 373 | W48: =AVERAGE(AA19:AC19) -> 0.79566667
R53: 7 | U53: =AVERAGE(AA29:AC29) -> 0.10766667
U54: =AVERAGE(AA30:AC30) -> 0.345
B55: Plate 2 | C55: Blank | F55: =AVERAGE(R31:T31) -> 0 | N55: 142 | Q55: =AVERAGE(X31:Z31) -> 0.23466667 | R55: 368 | U55: =AVERAGE(AA31:AC31) -> 0.12133333
C56: 1003 | F56: =AVERAGE(R33:T33) -> 0.21633333 | I56: 3 | L56: =AVERAGE(U33:W33) -> 0.225 | N56: 331 | Q56: =AVERAGE(X33:Z33) -> 0.108 | R56: 127 | U56: =AVERAGE(AA33:AC33) -> 0.119
C57: 362 | F57: =AVERAGE(R35:T35) -> 0.428 | I57: 385 | L57: =AVERAGE(U35:W35) -> 0.11533333 | N57: 118 | Q57: =AVERAGE(X35:Z35) -> 0.689 | R57: 1018 | U57: =AVERAGE(AA35:AC35) -> 0.69366667
C58: 355 | F58: =AVERAGE(R37:T37) -> 1.2256667 | I58: 1048 | L58: =AVERAGE(U37:W37) -> 0.86533333 | N58: 396 | Q58: =AVERAGE(X37:Z37) -> 0.168 | R58: 324 | U58: =AVERAGE(AA37:AC37) -> 0.141
C59: 344 | F59: =AVERAGE(R39:T39) -> 0.603 | I59: 75 | L59: =AVERAGE(U39:W39) -> 0.23366667 | N59: 326 | Q59: =AVERAGE(X39:Z39) -> 0.30766667 | R59: 361 | U59: =AVERAGE(AA39:AC39) -> 0.14266667
A67: C= Abs/ (L * EF) | E67: Las que faltan | F67: 1072 | H67: MW Lignin | I67: 1513.6
A68: EF (L/g cm | B68: 110 | F68: 382
A69: L (cm) | B69: 0.9305
B71: Sample | C71: Avg Abs | D71: C (g/L) | E71: volumen muestra (L) | F71: mg Lignina soluble | G71: peso muestra (mg DW) | H71: mg Lignin / mg sample | I71: mg Lignin/g DW | J71: % Soluble Lignin | K71: Species | L71: Non-soluble lignin | N71: % Non-soluble lignin | O71: Klasen Lignin (mg)
B72: 7 | C72: 0.10766667 | D72: =C72/(B$69*B$68) -> 0.0010518946 | E72: 0.03625 | F72: =D72*$I$67 -> 1.5921476 | G72: =VLOOKUP(B72,'LIGNIN BILBAO'!A$2:C$51,3,FALSE) -> 109.5 | H72: =F72/G72 -> 0.014540161 | I72: =H72*1000 -> 14.540161 | J72: =F72/G72*100 -> 1.4540161 | K72: =VLOOKUP(B72,Hoja2!A$1:B$872,2,FALSE) -> 10-P1S1C1AA | L72: =VLOOKUP(B72,'LIGNIN BILBAO'!A$2:F$51,6,FALSE) -> 43.8 | N72: =(L72/G72)*100 -> 40 | O72: =L72+F72 -> 45.392148
B73: 84 | C73: 0.791 | D73: =C73/(B$69*B$68) -> 0.0077280055 | E73: 0.03625 | F73: =D73*$I$67 -> 11.697109 | G73: =VLOOKUP(B73,'LIGNIN BILBAO'!A$2:C$51,3,FALSE) -> 131.7 | H73: =F73/G73 -> 0.088816318 | I73: =H73*1000 -> 88.816318 | J73: =F73/G73*100 -> 8.8816318 | K73: =VLOOKUP(B73,Hoja2!A$1:B$872,2,FALSE) -> 10-P1S3C4FS | L73: =VLOOKUP(B73,'LIGNIN BILBAO'!A$2:F$51,6,FALSE) -> 61.5 | N73: =(L73/G73)*100 -> 46.697039 | O73: =L73+F73 -> 73.197109
B74: 118 | C74: 0.689 | D74: =C74/(B$69*B$68) -> 0.0067314738 | E74: 0.03625 | F74: =D74*$I$67 -> 10.188759 | G74: =VLOOKUP(B74,'LIGNIN BILBAO'!A$2:C$51,3,FALSE) -> 113.3 | H74: =F74/G74 -> 0.089927262 | I74: =H74*1000 -> 89.927262 | J74: =F74/G74*100 -> 8.9927262 | K74: =VLOOKUP(B74,Hoja2!A$1:B$872,2,FALSE) -> 10-P1S4C1FS | L74: =VLOOKUP(B74,'LIGNIN BILBAO'!A$2:F$51,6,FALSE) -> 38.5 | N74: =(L74/G74)*100 -> 33.980583 | O74: =L74+F74 -> 48.688759
B75: 120 | C75: 0.80533333 | D75: =C75/(B$69*B$68) -> 0.007868041 | E75: 0.03625 | F75: =D75*$I$67 -> 11.909067 | G75: =VLOOKUP(B75,'LIGNIN BILBAO'!A$2:C$51,3,FALSE) -> 116.7 | H75: =F75/G75 -> 0.10204856 | I75: =H75*1000 -> 102.04856 | J75: =F75/G75*100 -> 10.204856 | K75: =VLOOKUP(B75,Hoja2!A$1:B$872,2,FALSE) -> 10-P1S4C4FS | L75: =VLOOKUP(B75,'LIGNIN BILBAO'!A$2:F$51,6,FALSE) -> 59 | N75: =(L75/G75)*100 -> 50.556984 | O75: =L75+F75 -> 70.909067
B76: 127 | C76: 0.119 | D76: =C76/(B$69*B$68) -> 0.0011626203 | E76: 0.03625 | F76: =D76*$I$67 -> 1.7597421 | G76: =VLOOKUP(B76,'LIGNIN BILBAO'!A$2:C$51,3,FALSE) -> 110.4 | H76: =F76/G76 -> 0.015939693 | I76: =H76*1000 -> 15.939693 | J76: =F76/G76*100 -> 1.5939693 | K76: =VLOOKUP(B76,Hoja2!A$1:B$872,2,FALSE) -> 10-P1S5C1AA | L76: =VLOOKUP(B76,'LIGNIN BILBAO'!A$2:F$51,6,FALSE) -> 63.5 | N76: =(L76/G76)*100 -> 57.518116 | O76: =L76+F76 -> 65.259742
B77: 708 | C77: 0.21933333 | D77: =C77/(B$69*B$68) -> 0.0021428688 | E77: 0.03625 | F77: =D77*$I$67 -> 3.2434462 | G77: =VLOOKUP(B77,'LIGNIN BILBAO'!A$2:C$51,3,FALSE) -> 124 | H77: =F77/G77 -> 0.026156824 | I77: =H77*1000 -> 26.156824 | J77: =F77/G77*100 -> 2.6156824 | K77: =VLOOKUP(B77,Hoja2!A$1:B$872,2,FALSE) -> 10-P2S4C1AA | L77: =VLOOKUP(B77,'LIGNIN BILBAO'!A$2:F$51,6,FALSE) -> 98.1 | N77: =(L77/G77)*100 -> 79.112903 | O77: =L77+F77 -> 101.34345
B78: 142 | C78: 0.23466667 | D78: =C78/(B$69*B$68) -> 0.0022926742 | E78: 0.03625 | F78: =D78*$I$67 -> 3.4701917 | G78: =VLOOKUP(B78,'LIGNIN BILBAO'!A$2:C$51,3,FALSE) -> 104.2 | H78: =F78/G78 -> 0.033303183 | I78: =H78*1000 -> 33.303183 | J78: =F78/G78*100 -> 3.3303183 | K78: =VLOOKUP(B78,Hoja2!A$1:B$872,2,FALSE) -> 10-P3S1C4AA | L78: =VLOOKUP(B78,'LIGNIN BILBAO'!A$2:F$51,6,FALSE) -> 62.3 | N78: =(L78/G78)*100 -> 59.788868 | O78: =L78+F78 -> 65.770192
B79: 157 | C79: 0.89833333 | D79: =C79/(B$69*B$68) -> 0.0087766434 | E79: 0.03625 | F79: =D79*$I$67 -> 13.284327 | G79: =VLOOKUP(B79,'LIGNIN BILBAO'!A$2:C$51,3,FALSE) -> 124.7 | H79: =F79/G79 -> 0.10653029 | I79: =H79*1000 -> 106.53029 | J79: =F79/G79*100 -> 10.653029 | K79: =VLOOKUP(B79,Hoja2!A$1:B$872,2,FALSE) -> 10-P3S2C4FS | L79: =VLOOKUP(B79,'LIGNIN BILBAO'!A$2:F$51,6,FALSE) -> 65.3 | N79: =(L79/G79)*100 -> 52.365678 | O79: =L79+F79 -> 78.584327
B80: 176 | C80: 0.398 | D80: =C80/(B$69*B$68) -> 0.0038884275 | E80: 0.03625 | F80: =D80*$I$67 -> 5.8855239 | G80: =VLOOKUP(B80,'LIGNIN BILBAO'!A$2:C$51,3,FALSE) -> 137.6 | H80: =F80/G80 -> 0.042772703 | I80: =H80*1000 -> 42.772703 | J80: =F80/G80*100 -> 4.2772703 | K80: =VLOOKUP(B80,Hoja2!A$1:B$872,2,FALSE) -> 10-P3S4C1AA | L80: =VLOOKUP(B80,'LIGNIN BILBAO'!A$2:F$51,6,FALSE) -> 160.5 | N80: =(L80/G80)*100 -> 116.64244 | O80: =L80+F80 -> 166.38552
B81: 189 | C81: 0.20166667 | D81: =C81/(B$69*B$68) -> 0.0019702669 | E81: 0.03625 | F81: =D81*$I$67 -> 2.982196 | G81: =VLOOKUP(B81,'LIGNIN BILBAO'!A$2:C$51,3,FALSE) -> 166.4 | H81: =F81/G81 -> 0.017921851 | I81: =H81*1000 -> 17.921851 | J81: =F81/G81*100 -> 1.7921851 | K81: =VLOOKUP(B81,Hoja2!A$1:B$872,2,FALSE) -> 10-P3S5C2AA | L81: =VLOOKUP(B81,'LIGNIN BILBAO'!A$2:F$51,6,FALSE) -> 138 | N81: =(L81/G81)*100 -> 82.932692 | O81: =L81+F81 -> 140.9822
B82: 331 | C82: 0.108 | D82: =C82/(B$69*B$68) -> 0.0010551512 | E82: 0.03625 | F82: =D82*$I$67 -> 1.5970768 | G82: =VLOOKUP(B82,'LIGNIN BILBAO'!A$2:C$51,3,FALSE) -> 118.2 | H82: =F82/G82 -> 0.013511648 | I82: =H82*1000 -> 13.511648 | J82: =F82/G82*100 -> 1.3511648 | K82: =VLOOKUP(B82,Hoja2!A$1:B$872,2,FALSE) -> 10-P6S1C1AA -b | L82: =VLOOKUP(B82,'LIGNIN BILBAO'!A$2:F$51,6,FALSE) -> 64.3 | N82: =(L82/G82)*100 -> 54.399323 | O82: =L82+F82 -> 65.897077
B83: 355 | C83: 1.2256667 | D83: =C83/(B$69*B$68) -> 0.011974663 | E83: 0.03625 | F83: =D83*$I$67 -> 18.12485 | G83: =VLOOKUP(B83,'LIGNIN BILBAO'!A$2:C$51,3,FALSE) -> 207.4 | H83: =F83/G83 -> 0.087390793 | I83: =H83*1000 -> 87.390793 | J83: =F83/G83*100 -> 8.7390793 | K83: =VLOOKUP(B83,Hoja2!A$1:B$872,2,FALSE) -> 10-P6S2C1FS -b | L83: =VLOOKUP(B83,'LIGNIN BILBAO'!A$2:F$51,6,FALSE) -> 130.1 | N83: =(L83/G83)*100 -> 62.729026 | O83: =L83+F83 -> 148.22485
... B121: 382 | C121: 0.68233333 | D121: =C121/(B$69*B$68) -> 0.006666341 | E121: 0.03625 | F121: =D121*$I$67 -> 10.090174 | G121: =VLOOKUP(B121,'LIGNIN BILBAO'!A$2:C$51,3,FALSE) -> 117.4 | H121: =F121/G121 -> 0.085946965 | I121: =H121*1000 -> 85.946965 | J121: =F121/G121*100 -> 8.5946965 | K121: =VLOOKUP(B121,Hoja2!A$1:B$872,2,FALSE) -> 25-P6S4C2FS | L121: =VLOOKUP(B121,'LIGNIN BILBAO'!A$2:F$51,6,FALSE) -> 191.2 | N121: =(L121/G121)*100 -> 162.86201 | O121: =L121+F121 -> 201.29017
A124: 1cm | B124: Sample | C124: Avg Abs | D124: C (g/L) | E124: volumen muestra (L) | F124: mg Lignina soluble | G124: peso muestra (mg DW) | H124: mg Lignin / mg sample | I124: mg Lignin/g DW | J124: % Soluble Lignin | K124: Columna1 | L124: Diameter | M124: Class | N124: Species
B125: 1019 | C125: 0.211 | D125: 0.0020614528 | E125: 0.03625 | F125: 3.1202149 | G125: 133 | H125: 0.023460263 | I125: 23.460263 | J125: 2.3460263 | K125: 31AA1 | L125: 1 | M125: =RIGHT(K125,1) -> 1 | N125: =LEFT(RIGHT(K125,3),2) -> AA | Q125: 1 cm Mean | R125: 10 cm Mean | S125: 25 cm | U125: 1 cm dsv | V125: 10 cm dsv | W125: 25 cm dsv
B126: 1025 | C126: 0.146 | D126: 0.0014264081 | E126: 0.03625 | F126: 2.1590113 | G126: 105.1 | H126: 0.020542448 | I126: 20.542448 | J126: 2.0542448 | K126: 34AA1 | L126: 1 | M126: =RIGHT(K126,1) -> 1 | N126: =LEFT(RIGHT(K126,3),2) -> AA | P126: AA1 | Q126: =AVERAGE(J125:J128) -> 2.4427441 | R126: =AVERAGE(J162:J167) -> 2.1358148 | S126: =AVERAGE(J145:J148) -> 1.8130104 | U126: =_xlfn.STDEV.P(J125:J128)/SQRT(COUNT(J125:J128)) -> 0.19737789 | V126: =_xlfn.STDEV.P(J162:J167)/SQRT(COUNT(J162:J167)) -> 0.42707111 | W126: =_xlfn.STDEV.P(J145:J148)/SQRT(COUNT(J145:J148)) -> 0.18868031
B127: 1007 | C127: 0.225 | D127: 0.0021982316 | E127: 0.03625 | F127: 3.3272434 | G127: 107.3 | H127: 0.031008792 | I127: 31.008792 | J127: 3.1008792 | K127: 12AA1 | L127: 1 | M127: =RIGHT(K127,1) -> 1 | N127: =LEFT(RIGHT(K127,3),2) -> AA | P127: AA2 | Q127: =AVERAGE(J130:J131) -> 1.5979807 | R127: =AVERAGE(J168:J169) -> 1.7146358 | S127: =AVERAGE(J151:J152) -> 1.7898572 | U127: =_xlfn.STDEV.P(J130:J131)/SQRT(COUNT(J130:J131)) -> 0.04955398 | V127: =_xlfn.STDEV.P(J168:J169)/SQRT(COUNT(J168:J169)) -> 0.054835619 | W127: =_xlfn.STDEV.P(J151:J152)/SQRT(COUNT(J151:J152)) -> 0.13776313
B128: 1055 | C128: 0.17866667 | D128: 0.0017455588 | E128: 0.03625 | F128: 2.6420777 | G128: 116.4 | H128: 0.022698262 | I128: 22.698262 | J128: 2.2698262 | K128: 14AA1 | L128: 1 | M128: =RIGHT(K128,1) -> 1 | N128: =LEFT(RIGHT(K128,3),2) -> AA | P128: AA4 | Q128: =AVERAGE(J135:J138) -> 3.0082986 | R128: =AVERAGE(J170) -> 3.3303183 | S128: =AVERAGE(J157:J161) -> 4.565938 | U128: =_xlfn.STDEV.P(J135:J138)/SQRT(COUNT(J135:J138)) -> 0.14452805 | V128: =_xlfn.STDEV.P(J170)/SQRT(COUNT(J170)) -> 0 | W128: =_xlfn.STDEV.P(J157:J161)/SQRT(COUNT(J157:J161)) -> 0.77556466
B129: 1070 | C129: 0.88966667 | D129: 0.0086919708 | E129: 0.03625 | F129: 13.156167 | G129: 150.5 | H129: 0.087416392 | I129: 87.416392 | J129: 8.7416392 | K129: 33FS1 | L129: 1 | M129: =RIGHT(K129,1) -> 1 | N129: =LEFT(RIGHT(K129,3),2) -> FS | P129: FS1 | Q129: =AVERAGE(J129) -> 8.7416392 | R129: =AVERAGE(J171:J174) -> 8.88859 | S129: =AVERAGE(J149:J150) -> 9.1012076 | U129: =_xlfn.STDEV.P(J129)/SQRT(COUNT(J129)) -> 0 | V129: =_xlfn.STDEV.P(J171:J174)/SQRT(COUNT(J171:J174)) -> 0.15827706 | W129: =_xlfn.STDEV.P(J149:J150)/SQRT(COUNT(J149:J150)) -> 1.0054037
B130: 1032 | C130: 0.17066667 | D130: 0.0016673994 | E130: 0.03625 | F130: 2.5237757 | G130: 151.3 | H130: 0.016680606 | I130: 16.680606 | J130: 1.6680606 | K130: 35AA2 | L130: 1 | M130: =RIGHT(K130,1) -> 2 | N130: =LEFT(RIGHT(K130,3),2) -> AA | P130: FS2 | Q130: =AVERAGE(J132:J134) -> 9.2570043 | S130: =AVERAGE(J153:J156) -> 9.4724385 | U130: =_xlfn.STDEV.P(J132:J134)/SQRT(COUNT(J132:J134)) -> 0.2712955 | W130: =_xlfn.STDEV.P(J153:J156)/SQRT(COUNT(J153:J156)) -> 0.26672311
B131: 1086 | C131: 0.12233333 | D131: 0.0011951867 | E131: 0.03625 | F131: 1.8090346 | G131: 118.4 | H131: 0.015279008 | I131: 15.279008 | J131: 1.5279008 | K131: 65AA2 | L131: 1 | M131: =RIGHT(K131,1) -> 2 | N131: =LEFT(RIGHT(K131,3),2) -> AA | P131: FS4 | Q131: =AVERAGE(J139:J141) -> 9.1614282 | R131: =AVERAGE(J175:J177) -> 9.9131723 | U131: =_xlfn.STDEV.P(J139:J141)/SQRT(COUNT(J139:J141)) -> 0.35053364 | V131: =_xlfn.STDEV.P(J175:J177)/SQRT(COUNT(J175:J177)) -> 0.43417141
B132: 1023 | C132: 0.943 | D132: 0.0092130331 | E132: 0.03625 | F132: 13.944847 | G132: 144.4 | H132: 0.096570962 | I132: 96.570962 | J132: 9.6570962 | K132: 31FS2 | L132: 1 | M132: =RIGHT(K132,1) -> 2 | N132: =LEFT(RIGHT(K132,3),2) -> FS
B133: 1047 | C133: 0.78833333 | D133: 0.0077019524 | E133: 0.03625 | F133: 11.657675 | G133: 122.5 | H133: 0.095164695 | I133: 95.164695 | J133: 9.5164695 | K133: 64FS2 | L133: 1 | M133: =RIGHT(K133,1) -> 2 | N133: =LEFT(RIGHT(K133,3),2) -> FS
B134: 1089 | C134: 0.82266667 | D134: 0.0080373862 | E134: 0.03625 | F134: 12.165388 | G134: 141.5 | H134: 0.085974472 | I134: 85.974472 | J134: 8.5974472 | K134: 65FS2 | L134: 1 | M134: =RIGHT(K134,1) -> 2 | N134: =LEFT(RIGHT(K134,3),2) -> FS
B135: 1063 | C135: 0.237 | D135: 0.0023154707 | E135: 0.03625 | F135: 3.5046964 | G135: 109.6 | H135: 0.031977157 | I135: 31.977157 | J135: 3.1977157 | K135: 32AA4 | L135: 1 | M135: =RIGHT(K135,1) -> 4 | N135: =LEFT(RIGHT(K135,3),2) -> AA
B136: 1027 | C136: 0.2 | D136: 0.0019539837 | E136: 0.03625 | F136: 2.9575497 | G136: 116.3 | H136: 0.02543035 | I136: 25.43035 | J136: 2.543035 | K136: 34AA4 | L136: 1 | M136: =RIGHT(K136,1) -> 4 | N136: =LEFT(RIGHT(K136,3),2) -> AA
B137: 1039 | C137: 0.272 | D137: 0.0026574178 | E137: 0.03625 | F137: 4.0222676 | G137: 122.1 | H137: 0.032942405 | I137: 32.942405 | J137: 3.2942405 | K137: 63AA4 | L137: 1 | M137: =RIGHT(K137,1) -> 4 | N137: =LEFT(RIGHT(K137,3),2) -> AA
B138: 1003 | C138: 0.21633333 | D138: 0.002113559 | E138: 0.03625 | F138: 3.1990829 | G138: 106.7 | H138: 0.029982033 | I138: 29.982033 | J138: 2.9982033 | K138: 11AA4 | L138: 1 | M138: =RIGHT(K138,1) -> 4 | N138: =LEFT(RIGHT(K138,3),2) -> AA
B139: 1048 | C139: 0.86533333 | D139: 0.0084542361 | E139: 0.03625 | F139: 12.796332 | G139: 136.2 | H139: 0.093952509 | I139: 93.952509 | J139: 9.3952509 | K139: 64FS4 | L139: 1 | M139: =RIGHT(K139,1) -> 4 | N139: =LEFT(RIGHT(K139,3),2) -> FS
B140: 1072 | C140: 0.65166667 | D140: 0.0063667302 | E140: 0.03625 | F140: 9.6366828 | G140: 115.7 | H140: 0.083290257 | I140: 83.290257 | J140: 8.3290257 | K140: 33FS4 | L140: 1 | M140: =RIGHT(K140,1) -> 4 | N140: =LEFT(RIGHT(K140,3),2) -> FS
B141: 1018 | C141: 0.69366667 | D141: 0.0067770667 | E141: 0.03625 | F141: 10.257768 | G141: 105.1 | H141: 0.097600078 | I141: 97.600078 | J141: 9.7600078 | K141: 15FS4 | L141: 1 | M141: =RIGHT(K141,1) -> 4 | N141: =LEFT(RIGHT(K141,3),2) -> FS
A144: 10 and 25 cm | B144: Sample | C144: Avg Abs | D144: C (g/L) | E144: volumen muestra (L) | F144: mg Lignina soluble | G144: peso muestra (mg DW) | H144: mg Lignin / mg sample | I144: mg Lignin/g DW | J144: % Soluble Lignin | K144: Columna1 | L144: Diameter | M144: Species | N144: Class
B145: 146 | C145: 0.16733333 | D145: 0.001634833 | E145: 0.03625 | F145: 2.4744833 | G145: 115.5 | H145: 0.021424097 | I145: 21.424097 | J145: 2.1424097 | K145: 25-P3S2C1AA | L145: =LEFT(K145,2) -> 25 | M145: =RIGHT(K145,2) -> AA | N145: =LEFT(RIGHT(K145,3),1) -> 1
B146: 170 | C146: 0.17866667 | D146: 0.0017455588 | E146: 0.03625 | F146: 2.6420777 | G146: 119.1 | H146: 0.022183692 | I146: 22.183692 | J146: 2.2183692 | K146: 25-P3S4C1AA | L146: =LEFT(K146,2) -> 25 | M146: =RIGHT(K146,2) -> AA | N146: =LEFT(RIGHT(K146,3),1) -> 1
B147: 324 | C147: 0.141 | D147: 0.0013775585 | E147: 0.03625 | F147: 2.0850725 | G147: 156.8 | H147: 0.013297657 | I147: 13.297657 | J147: 1.3297657 | K147: 25-P6S1C1AA | L147: =LEFT(K147,2) -> 25 | M147: =RIGHT(K147,2) -> AA | N147: =LEFT(RIGHT(K147,3),1) -> 1
B148: 396 | C148: 0.168 | D148: 0.0016413463 | E148: 0.03625 | F148: 2.4843418 | G148: 159.1 | H148: 0.01561497 | I148: 15.61497 | J148: 1.561497 | K148: 25-P6S5C1AA | L148: =LEFT(K148,2) -> 25 | M148: =RIGHT(K148,2) -> AA | N148: =LEFT(RIGHT(K148,3),1) -> 1
B149: 40 | C149: 0.73366667 | D149: 0.0071678635 | E149: 0.03625 | F149: 10.849278 | G149: 103.1 | H149: 0.10523063 | I149: 105.23063 | J149: 10.523063 | K149: 25-P1S2C1FS | L149: =LEFT(K149,2) -> 25 | M149: =RIGHT(K149,2) -> FS | N149: =LEFT(RIGHT(K149,3),1) -> 1
B150: 149 | C150: 0.538 | D150: 0.0052562161 | E150: 0.03625 | F150: 7.9558087 | G150: 103.6 | H150: 0.07679352 | I150: 76.79352 | J150: 7.679352 | K150: 25-P3S2C1FS | L150: =LEFT(K150,2) -> 25 | M150: =RIGHT(K150,2) -> FS | N150: =LEFT(RIGHT(K150,3),1) -> 1
B151: 171 | C151: 0.11433333 | D151: 0.0011170273 | E151: 0.03625 | F151: 1.6907326 | G151: 106 | H151: 0.015950307 | I151: 15.950307 | J151: 1.5950307 | K151: 25-P3S4C2AA | L151: =LEFT(K151,2) -> 25 | M151: =RIGHT(K151,2) -> AA | N151: =LEFT(RIGHT(K151,3),1) -> 2
B152: 361 | C152: 0.14266667 | D152: 0.0013938417 | E152: 0.03625 | F152: 2.1097188 | G152: 106.3 | H152: 0.019846837 | I152: 19.846837 | J152: 1.9846837 | K152: 25-P6S3C2AA | L152: =LEFT(K152,2) -> 25 | M152: =RIGHT(K152,2) -> AA | N152: =LEFT(RIGHT(K152,3),1) -> 2
B153: 382 | C153: 0.68233333 | D153: =C153/(B$69*B$68) -> 0.006666341 | E153: 0.03625 | F153: =D153*$I$67 -> 10.090174 | G153: =VLOOKUP(B153,'LIGNIN BILBAO'!A$2:C$51,3,FALSE) -> 117.4 | H153: =F153/G153 -> 0.085946965 | I153: =H153*1000 -> 85.946965 | J153: =F153/G153*100 -> 8.5946965 | K153: =VLOOKUP(B153,Hoja2!A$1:B$872,2,FALSE) -> 25-P6S4C2FS | L153: =LEFT(K153,2) -> 25 | M153: =RIGHT(K153,2) -> FS | N153: =LEFT(RIGHT(K153,3),1) -> 2
B154: 125 | C154: 0.71566667 | D154: 0.006992005 | E154: 0.03625 | F154: 10.583099 | G154: 105.5 | H154: 0.10031373 | I154: 100.31373 | J154: 10.031373 | K154: 25-P1S5C2FS | L154: =LEFT(K154,2) -> 25 | M154: =RIGHT(K154,2) -> FS | N154: =LEFT(RIGHT(K154,3),1) -> 2
B155: 150 | C155: 0.68633333 | D155: 0.0067054207 | E155: 0.03625 | F155: 10.149325 | G155: 105.9 | H155: 0.09583876 | I155: 95.83876 | J155: 9.583876 | K155: 25-P3S2C2FS | L155: =LEFT(K155,2) -> 25 | M155: =RIGHT(K155,2) -> FS | N155: =LEFT(RIGHT(K155,3),1) -> 2
B156: 162 | C156: 0.74033333 | D156: 0.0072329963 | E156: 0.03625 | F156: 10.947863 | G156: 113.1 | H156: 0.096798083 | I156: 96.798083 | J156: 9.6798083 | K156: 25-P3S3C2FS | L156: =LEFT(K156,2) -> 25 | M156: =RIGHT(K156,2) -> FS | N156: =LEFT(RIGHT(K156,3),1) -> 2
...

Sheet Hoja2
A1: LABEL | B1: Code
A2: 1 | B2: 25-P1S1C1AA
A3: 2 | B3: 25-P1S1C2AA
A4: 3 | B4: 25-P1S1C4AA
A5: 4 | B5: 25-P1S1C1FS
A6: 5 | B6: 25-P1S1C2FS
A7: 6 | B7: 25-P1S1C4FS
A8: 37 | B8: 25-P1S2C1AA
A9: 38 | B9: 25-P1S2C2AA
A10: 39 | B10: 25-P1S2C4AA
A11: 40 | B11: 25-P1S2C1FS
A12: 41 | B12: 25-P1S2C2FS
A13: 42 | B13: 25-P1S2C4FS
... A872: 1090 | B872: 65FS4

Sheet Light path calculation
A1: The light path is calculated measuring A977 and A900 of pure water.
A2: Volume= 300uL
A3: L= A977 - A900 / 0.18
A5: 977 | C5: 988
A6: 0.219 | B6: 0.222 | C6: 0.051 | D6: 0.055
A7: 0.215 | B7: 0.214 | C7: 0.048 | D7: 0.047
A8: 0.215 | B8: 0.215 | C8: 0.047 | D8: 0.047 | F8: L (cm) | G8: =(B11-D11)/0.18 -> 0.93055556
B11: =AVERAGE(A6:B8) -> 0.21666667 | D11: =AVERAGE(C6:D8) -> 0.049166667

Sheet Dried samples 
A1: Número muestra | B1: Peso (g) | E1: Muestra (2ª pesaje) | F1: Peso g
A2: 1089 | B2: 11.6427 | E2: 176 | F2: 11.5654
A3: 1047 | B3: 11.7017 | E3: 1018 | F3: 11.5118
A4: 3 | B4: 11.4857 | E4: 84 | F4: 11.527
A5: 127 | B5: 11.5617 | E5: 326 | F5: 11.4606
A6: 170 | B6: 11.4831 | E6: 324 | F6: 11.608
A7: 120 | B7: 11.5833 | E7: 146 | F7: 11.5568
A8: 118 | B8: 11.5157 | E8: 120 | F8: 11.5409
A9: 157 | B9: 11.6686 | E9: 127 | F9: 11.5242
A10: 385 | B10: 11.5237 | E10: 344 | F10: 11.6223
A11: 409 | B11: 11.6091 | E11: 385 | F11: 11.4893
A12: 1039 | B12: 11.5274 | E12: 1032 | F12: 11.6089
A13: 1007 | B13: 11.6723 | E13: 382 | F13: 11.6054
... A45: 176 | B45: 11.6265 | E45: 1089 | F45: 11.5926
E46: 1086 | F46: 11.6021
E47: 162 | F47: 11.7443
E48: 157 | F48: 11.6249
E49: 1023 | F49: 11.6283
E50: 1003 | F50: 11.6046
E51: 1055 | F51: 11.5633
