Workbook

Sheet C N
A1: IDENTIFICACION MUESTRA | B1: Identificación | C1: Ntotal (g/100g) | D1: Ctotal (g/100g) | E1: DeWood code | F1: Species | G1: Class | H1: Diameter
A2: 250322 RaquelEsteban 2768-1 | B2: =RIGHT(A2, LEN(A2)-21) -> 2768-1 | C2: 0.660395 | D2: 46.057 | E2: =VLOOKUP(B2,'CEBAS-DEWOOD code'!A$2:B$302,2,FALSE) -> 114 | F2: =VLOOKUP(E2,'Field Table'!A$2:E$661,3,FALSE) -> FS | G2: =VLOOKUP(E2,'Field Table'!A$2:E$661,4,FALSE) -> 4 | H2: =VLOOKUP(E2,'Field Table'!A$2:E$661,5,FALSE) -> 25
A3: 250322 RaquelEsteban 2768-2 | B3: =RIGHT(A3, LEN(A3)-21) -> 2768-2 | C3: 0.19467 | D3: 46.557 | E3: =VLOOKUP(B3,'CEBAS-DEWOOD code'!A$2:B$302,2,FALSE) -> 364 | F3: =VLOOKUP(E3,'Field Table'!A$2:E$661,3,FALSE) -> FS | G3: =VLOOKUP(E3,'Field Table'!A$2:E$661,4,FALSE) -> 2 | H3: =VLOOKUP(E3,'Field Table'!A$2:E$661,5,FALSE) -> 25
A4: 250322 RaquelEsteban 2768-3 | B4: =RIGHT(A4, LEN(A4)-21) -> 2768-3 | C4: 0.152136 | D4: 45.2314 | E4: =VLOOKUP(B4,'CEBAS-DEWOOD code'!A$2:B$302,2,FALSE) -> 37 | F4: =VLOOKUP(E4,'Field Table'!A$2:E$661,3,FALSE) -> AA | G4: =VLOOKUP(E4,'Field Table'!A$2:E$661,4,FALSE) -> 1 | H4: =VLOOKUP(E4,'Field Table'!A$2:E$661,5,FALSE) -> 25
A5: 250322 RaquelEsteban 2768-4 | B5: =RIGHT(A5, LEN(A5)-21) -> 2768-4 | C5: 0.1069 | D5: 51.737 | E5: =VLOOKUP(B5,'CEBAS-DEWOOD code'!A$2:B$302,2,FALSE) -> 172 | F5: =VLOOKUP(E5,'Field Table'!A$2:E$661,3,FALSE) -> AA | G5: =VLOOKUP(E5,'Field Table'!A$2:E$661,4,FALSE) -> 4 | H5: =VLOOKUP(E5,'Field Table'!A$2:E$661,5,FALSE) -> 25
A6: 250322 RaquelEsteban 2768-5 | B6: =RIGHT(A6, LEN(A6)-21) -> 2768-5 | C6: 0.17723 | D6: 46.113 | E6: =VLOOKUP(B6,'CEBAS-DEWOOD code'!A$2:B$302,2,FALSE) -> 192 | F6: =VLOOKUP(E6,'Field Table'!A$2:E$661,3,FALSE) -> FS | G6: =VLOOKUP(E6,'Field Table'!A$2:E$661,4,FALSE) -> 2 | H6: =VLOOKUP(E6,'Field Table'!A$2:E$661,5,FALSE) -> 10
A7: 250322 RaquelEsteban 2768-6 | B7: =RIGHT(A7, LEN(A7)-21) -> 2768-6 | C7: 0.12427 | D7: 47.552 | E7: =VLOOKUP(B7,'CEBAS-DEWOOD code'!A$2:B$302,2,FALSE) -> #N/A | F7: =VLOOKUP(E7,'Field Table'!A$2:E$661,3,FALSE) -> #N/A | G7: =VLOOKUP(E7,'Field Table'!A$2:E$661,4,FALSE) -> #N/A | H7: =VLOOKUP(E7,'Field Table'!A$2:E$661,5,FALSE) -> #N/A
A8: 250322 RaquelEsteban 2768-7 | B8: =RIGHT(A8, LEN(A8)-21) -> 2768-7 | C8: 0.40786 | D8: 47.855 | E8: =VLOOKUP(B8,'CEBAS-DEWOOD code'!A$2:B$302,2,FALSE) -> 1011 | F8: =VLOOKUP(E8,'Field Table'!A$2:E$661,3,FALSE) -> FS | G8: =VLOOKUP(E8,'Field Table'!A$2:E$661,4,FALSE) -> 2 | H8: =VLOOKUP(E8,'Field Table'!A$2:E$661,5,FALSE) -> 01
A9: 250322 RaquelEsteban 2768-8 | B9: =RIGHT(A9, LEN(A9)-21) -> 2768-8 | C9: 0.18547 | D9: 48.079 | E9: =VLOOKUP(B9,'CEBAS-DEWOOD code'!A$2:B$302,2,FALSE) -> 129 | F9: =VLOOKUP(E9,'Field Table'!A$2:E$661,3,FALSE) -> AA | G9: =VLOOKUP(E9,'Field Table'!A$2:E$661,4,FALSE) -> 4 | H9: =VLOOKUP(E9,'Field Table'!A$2:E$661,5,FALSE) -> 10
A10: 250322 RaquelEsteban 2768-9 | B10: =RIGHT(A10, LEN(A10)-21) -> 2768-9 | C10: 0.12813 | D10: 46.988 | E10: =VLOOKUP(B10,'CEBAS-DEWOOD code'!A$2:B$302,2,FALSE) -> 137 | F10: =VLOOKUP(E10,'Field Table'!A$2:E$661,3,FALSE) -> FS | G10: =VLOOKUP(E10,'Field Table'!A$2:E$661,4,FALSE) -> 1 | H10: =VLOOKUP(E10,'Field Table'!A$2:E$661,5,FALSE) -> 25
A11: 250322 RaquelEsteban 2768-10 | B11: =RIGHT(A11, LEN(A11)-21) -> 2768-10 | C11: 0.3178 | D11: 37.698 | E11: =VLOOKUP(B11,'CEBAS-DEWOOD code'!A$2:B$302,2,FALSE) -> 1090 | F11: =VLOOKUP(E11,'Field Table'!A$2:E$661,3,FALSE) -> FS | G11: =VLOOKUP(E11,'Field Table'!A$2:E$661,4,FALSE) -> 4 | H11: =VLOOKUP(E11,'Field Table'!A$2:E$661,5,FALSE) -> 01
A12: 250322 RaquelEsteban 2768-11 | B12: =RIGHT(A12, LEN(A12)-21) -> 2768-11 | C12: 0.14039 | D12: 47.2665 | E12: =VLOOKUP(B12,'CEBAS-DEWOOD code'!A$2:B$302,2,FALSE) -> 381 | F12: =VLOOKUP(E12,'Field Table'!A$2:E$661,3,FALSE) -> FS | G12: =VLOOKUP(E12,'Field Table'!A$2:E$661,4,FALSE) -> 1 | H12: =VLOOKUP(E12,'Field Table'!A$2:E$661,5,FALSE) -> 25
A13: 250322 RaquelEsteban 2768-12 | B13: =RIGHT(A13, LEN(A13)-21) -> 2768-12 | C13: 0.10321 | D13: 47.593 | E13: =VLOOKUP(B13,'CEBAS-DEWOOD code'!A$2:B$302,2,FALSE) -> 75 | F13: =VLOOKUP(E13,'Field Table'!A$2:E$661,3,FALSE) -> AA | G13: =VLOOKUP(E13,'Field Table'!A$2:E$661,4,FALSE) -> 4 | H13: =VLOOKUP(E13,'Field Table'!A$2:E$661,5,FALSE) -> 25
... A300: 250322 RaquelEsteban 2775-30 | B300: =RIGHT(A300, LEN(A300)-21) -> 2775-30 | C300: 0.09985 | D300: 47.677 | E300: =VLOOKUP(B300,'CEBAS-DEWOOD code'!A$2:B$302,2,FALSE) -> 170 | F300: =VLOOKUP(E300,'Field Table'!A$2:E$661,3,FALSE) -> AA | G300: =VLOOKUP(E300,'Field Table'!A$2:E$661,4,FALSE) -> 1 | H300: =VLOOKUP(E300,'Field Table'!A$2:E$661,5,FALSE) -> 25

Sheet IONOMICS
A1: IDENTIFICACION MUESTRA | B1: Identificación | C1: DeWood code | D1: Species | E1: Class | F1: Diameter | G1: Al (mg/Kg) | H1: As (mg/Kg) | I1: Be (mg/Kg) | J1: Bi (mg/Kg) | K1: B (mg/Kg) | L1: Ca (g/100g) | M1: Cd (mg/Kg) | N1: Co (mg/Kg) | O1: Cr (mg/Kg) | P1: Cu (mg/Kg) | Q1: Fe (mg/Kg) | R1: K (g/100g) | S1: La (mg/Kg) | T1: Li (mg/Kg) | U1: Mg (g/100g) | V1: Mn (mg/Kg) | W1: Mo (mg/Kg) | X1: Na (g/100g) | Y1: Ni (mg/Kg) | Z1: Pb (mg/Kg) | AA1: P (g/100g) | AB1: Rb (mg/Kg) | AC1: Sb (mg/Kg) | AD1: Se (mg/Kg) | AE1: Si (mg/Kg) | AF1: S (g/100g) | AG1: Sr (mg/Kg) | AH1: Ti (mg/Kg) | AI1: Tl (mg/Kg) | AJ1: V (mg/Kg) | AK1: Zn (mg/Kg)
A2: EHU ION2768-1 | B2: =RIGHT(A2, LEN(A2)-7) -> 2768-1 | C2: =VLOOKUP(B2,'CEBAS-DEWOOD code'!A$2:B$302,2,FALSE) -> 114 | D2: =VLOOKUP(IONOMICS!C2,'Field Table'!A$2:E$661,3,FALSE) -> FS | E2: =VLOOKUP(IONOMICS!C2,'Field Table'!A$2:E$661,4,FALSE) -> 4 | F2: =VLOOKUP(IONOMICS!C2,'Field Table'!A$2:E$661,5,FALSE) -> 25 | G2: 71.41174 | H2: <0,01 | I2: <0,01 | J2: <0,01 | K2: <0,01 | L2: 0.69837189 | M2: 0.13924593 | N2: 0.096401028 | O2: 0.22493573 | P2: 2.7634961 | Q2: 40.949015 | R2: 0.12350043 | S2: <0,01 | T2: 0.33204799 | U2: 0.062907027 | V2: 262.31791 | W2: <0,01 | X2: 0.0026563839 | Y2: 2.3671808 | Z2: 0.53556127 | AA2: 0.02001928 | AB2: 1.8958869 | AC2: <0,01 | AD2: <0,01 | AE2: 133.67609 | AF2: 0.031533847 | AG2: 42.22365 | AH2: 2.4207369 | AI2: 2.3993145 | AJ2: <0,01 | AK2: 8.172665
A3: EHU ION2768-2 | B3: =RIGHT(A3, LEN(A3)-7) -> 2768-2 | C3: =VLOOKUP(B3,'CEBAS-DEWOOD code'!A$2:B$302,2,FALSE) -> 364 | D3: =VLOOKUP(IONOMICS!C3,'Field Table'!A$2:E$661,3,FALSE) -> FS | E3: =VLOOKUP(IONOMICS!C3,'Field Table'!A$2:E$661,4,FALSE) -> 2 | F3: =VLOOKUP(IONOMICS!C3,'Field Table'!A$2:E$661,5,FALSE) -> 25 | G3: 4.3090639 | H3: <0,01 | I3: <0,01 | J3: <0,01 | K3: <0,01 | L3: 0.09372214 | M3: 0.061911838 | N3: 0.037147103 | O3: 0.04952947 | P3: 1.1267954 | Q3: 7.3055968 | R3: 0.14945518 | S3: <0,01 | T3: 0.29717682 | U3: 0.031500743 | V3: 47.201585 | W3: <0,01 | X3: 0.00030708271 | Y3: 0.44576523 | Z3: 0.14858841 | AA3: 0.0082305597 | AB3: 5.2996533 | AC3: <0,01 | AD3: <0,01 | AE3: 12.506191 | AF3: 0.012275879 | AG3: 8.5562159 | AH3: 0.4581476 | AI3: <0,01 | AJ3: <0,01 | AK3: 2.8107974
A4: EHU ION2768-3 | B4: =RIGHT(A4, LEN(A4)-7) -> 2768-3 | C4: =VLOOKUP(B4,'CEBAS-DEWOOD code'!A$2:B$302,2,FALSE) -> 37 | D4: =VLOOKUP(IONOMICS!C4,'Field Table'!A$2:E$661,3,FALSE) -> AA | E4: =VLOOKUP(IONOMICS!C4,'Field Table'!A$2:E$661,4,FALSE) -> 1 | F4: =VLOOKUP(IONOMICS!C4,'Field Table'!A$2:E$661,5,FALSE) -> 25 | G4: 18.125299 | H4: 0.10760402 | I4: <0,01 | J4: <0,01 | K4: <0,01 | L4: 0.063928742 | M4: 0.071736011 | N4: 0.035868006 | O4: <0,01 | P4: 1.8292683 | Q4: 5.4280249 | R4: 0.14395026 | S4: <0,01 | T4: 0.10760402 | U4: 0.014155906 | V4: 30.547585 | W4: <0,01 | X4: <0,01 | Y4: 0.17934003 | Z4: 0.38259206 | AA4: 0.0018173123 | AB4: 3.3118125 | AC4: <0,01 | AD4: <0,01 | AE4: 85.246294 | AF4: 0.0048995696 | AG4: 3.7183166 | AH4: 1.6977523 | AI4: <0,01 | AJ4: <0,01 | AK4: 3.8498326
A5: EHU ION2768-4 | B5: =RIGHT(A5, LEN(A5)-7) -> 2768-4 | C5: =VLOOKUP(B5,'CEBAS-DEWOOD code'!A$2:B$302,2,FALSE) -> 172 | D5: =VLOOKUP(IONOMICS!C5,'Field Table'!A$2:E$661,3,FALSE) -> AA | E5: =VLOOKUP(IONOMICS!C5,'Field Table'!A$2:E$661,4,FALSE) -> 4 | F5: =VLOOKUP(IONOMICS!C5,'Field Table'!A$2:E$661,5,FALSE) -> 25 | G5: 14.127848 | H5: 0.12750765 | I5: <0,01 | J5: <0,01 | K5: <0,01 | L5: 0.1232574 | M5: 0.16150969 | N5: <0,01 | O5: 0.03400204 | P5: 2.932676 | Q5: 3.7232234 | R5: 0.15062904 | S5: <0,01 | T5: 0.12750765 | U5: 0.0093250595 | V5: 31.196872 | W5: <0,01 | X5: 0.00057378443 | Y5: 0.18701122 | Z5: 0.41652499 | AA5: 0.001183271 | AB5: 2.8646719 | AC5: <0,01 | AD5: <0,01 | AE5: 11.203672 | AF5: 0.0076844611 | AG5: 8.7895274 | AH5: 0.21251275 | AI5: <0,01 | AJ5: <0,01 | AK5: 2.5246515
A6: EHU ION2768-5 | B6: =RIGHT(A6, LEN(A6)-7) -> 2768-5 | C6: =VLOOKUP(B6,'CEBAS-DEWOOD code'!A$2:B$302,2,FALSE) -> 192 | D6: =VLOOKUP(IONOMICS!C6,'Field Table'!A$2:E$661,3,FALSE) -> FS | E6: =VLOOKUP(IONOMICS!C6,'Field Table'!A$2:E$661,4,FALSE) -> 2 | F6: =VLOOKUP(IONOMICS!C6,'Field Table'!A$2:E$661,5,FALSE) -> 10 | G6: 4.0416667 | H6: 0.020833333 | I6: <0,01 | J6: <0,01 | K6: <0,01 | L6: 0.19875 | M6: 0.0625 | N6: 0.020833333 | O6: <0,01 | P6: 1.2708333 | Q6: 5.7708333 | R6: 0.085041667 | S6: <0,01 | T6: 0.03125 | U6: 0.041395833 | V6: 48.729167 | W6: <0,01 | X6: 0.000540625 | Y6: 0.65625 | Z6: 0.09375 | AA6: 0.00558125 | AB6: 1.96875 | AC6: <0,01 | AD6: <0,01 | AE6: 52.260417 | AF6: 0.010115625 | AG6: 11.572917 | AH6: 0.58333333 | AI6: <0,01 | AJ6: <0,01 | AK6: 2.15625
A7: EHU ION2768-6 | B7: =RIGHT(A7, LEN(A7)-7) -> 2768-6 | C7: =VLOOKUP(B7,'CEBAS-DEWOOD code'!A$2:B$302,2,FALSE) -> #N/A | D7: =VLOOKUP(IONOMICS!C7,'Field Table'!A$2:E$661,3,FALSE) -> #N/A | E7: =VLOOKUP(IONOMICS!C7,'Field Table'!A$2:E$661,4,FALSE) -> #N/A | F7: =VLOOKUP(IONOMICS!C7,'Field Table'!A$2:E$661,5,FALSE) -> #N/A | G7: 18.069837 | H7: <0,01 | I7: <0,01 | J7: <0,01 | K7: <0,01 | L7: 0.059811482 | M7: 0.1285347 | N7: <0,01 | O7: 0.1285347 | P7: 0.88903171 | Q7: 7.7977721 | R7: 0.15756213 | S7: <0,01 | T7: 0.17137961 | U7: 0.013742502 | V7: 26.885176 | W7: <0,01 | X7: 0.00052806341 | Y7: 0.1285347 | Z7: 0.10711225 | AA7: 0.002281491 | AB7: 2.9241645 | AC7: <0,01 | AD7: <0,01 | AE7: 19.194516 | AF7: 0.0054680805 | AG7: 4.0059983 | AH7: 1.756641 | AI7: <0,01 | AJ7: <0,01 | AK7: 3.9417309
A8: EHU ION2768-7 | B8: =RIGHT(A8, LEN(A8)-7) -> 2768-7 | C8: =VLOOKUP(B8,'CEBAS-DEWOOD code'!A$2:B$302,2,FALSE) -> 1011 | D8: =VLOOKUP(IONOMICS!C8,'Field Table'!A$2:E$661,3,FALSE) -> FS | E8: =VLOOKUP(IONOMICS!C8,'Field Table'!A$2:E$661,4,FALSE) -> 2 | F8: =VLOOKUP(IONOMICS!C8,'Field Table'!A$2:E$661,5,FALSE) -> 01 | G8: 14.707977 | H8: <0,01 | I8: <0,01 | J8: <0,01 | K8: <0,01 | L8: 0.33784425 | M8: 0.059354226 | N8: <0,01 | O8: <0,01 | P8: 2.4097816 | Q8: 12.630579 | R8: 0.11602564 | S8: <0,01 | T8: 0.22554606 | U8: 0.037511871 | V8: 92.604463 | W8: <0,01 | X8: 0.00035137702 | Y8: 0.66476733 | Z8: 0.93779677 | AA8: 0.020880817 | AB8: 2.7065527 | AC8: <0,01 | AD8: <0,01 | AE8: 392.33143 | AF8: 0.021569326 | AG8: 20.78585 | AH8: 0.89031339 | AI8: <0,01 | AJ8: <0,01 | AK8: 5.828585
A9: EHU ION2768-8 | B9: =RIGHT(A9, LEN(A9)-7) -> 2768-8 | C9: =VLOOKUP(B9,'CEBAS-DEWOOD code'!A$2:B$302,2,FALSE) -> 129 | D9: =VLOOKUP(IONOMICS!C9,'Field Table'!A$2:E$661,3,FALSE) -> AA | E9: =VLOOKUP(IONOMICS!C9,'Field Table'!A$2:E$661,4,FALSE) -> 4 | F9: =VLOOKUP(IONOMICS!C9,'Field Table'!A$2:E$661,5,FALSE) -> 10 | G9: 15.119048 | H9: 0.021645022 | I9: <0,01 | J9: <0,01 | K9: <0,01 | L9: 0.30941558 | M9: 0.17316017 | N9: 0.032467532 | O9: 0.4978355 | P9: 1.3419913 | Q9: 4.9675325 | R9: 0.030984848 | S9: <0,01 | T9: 0.34632035 | U9: 0.036406926 | V9: 78.625541 | W9: <0,01 | X9: 0.00051839827 | Y9: 0.064935065 | Z9: 0.5952381 | AA9: 0.005 | AB9: 0.8008658 | AC9: <0,01 | AD9: <0,01 | AE9: 20.800866 | AF9: 0.013398268 | AG9: 16.980519 | AH9: 1.038961 | AI9: <0,01 | AJ9: <0,01 | AK9: 8.8744589
A10: EHU ION2768-9 | B10: =RIGHT(A10, LEN(A10)-7) -> 2768-9 | C10: =VLOOKUP(B10,'CEBAS-DEWOOD code'!A$2:B$302,2,FALSE) -> 137 | D10: =VLOOKUP(IONOMICS!C10,'Field Table'!A$2:E$661,3,FALSE) -> FS | E10: =VLOOKUP(IONOMICS!C10,'Field Table'!A$2:E$661,4,FALSE) -> 1 | F10: =VLOOKUP(IONOMICS!C10,'Field Table'!A$2:E$661,5,FALSE) -> 25 | G10: 4.9439552 | H10: <0,01 | I10: <0,01 | J10: <0,01 | K10: <0,01 | L10: 0.17183747 | M10: 0.060048038 | N10: <0,01 | O10: <0,01 | P10: 1.1008807 | Q10: 6.5352282 | R10: 0.068604884 | S10: <0,01 | T10: 0.090072058 | U10: 0.023528823 | V10: 50.160128 | W10: <0,01 | X10: 0.00019415532 | Y10: 0.79063251 | Z10: 0.050040032 | AA10: 0.0042774219 | AB10: 2.5420336 | AC10: <0,01 | AD10: <0,01 | AE10: 9.5576461 | AF10: 0.010118094 | AG10: 9.5376301 | AH10: 0.70056045 | AI10: <0,01 | AJ10: <0,01 | AK10: 3.9031225
A11: EHU ION2768-10 | B11: =RIGHT(A11, LEN(A11)-7) -> 2768-10 | C11: =VLOOKUP(B11,'CEBAS-DEWOOD code'!A$2:B$302,2,FALSE) -> 1090 | D11: =VLOOKUP(IONOMICS!C11,'Field Table'!A$2:E$661,3,FALSE) -> FS | E11: =VLOOKUP(IONOMICS!C11,'Field Table'!A$2:E$661,4,FALSE) -> 4 | F11: =VLOOKUP(IONOMICS!C11,'Field Table'!A$2:E$661,5,FALSE) -> 01 | G11: 24.918869 | H11: 0.17385257 | I11: <0,01 | J11: <0,01 | K11: <0,01 | L11: 0.30992119 | M11: 0.12749189 | N11: <0,01 | O11: 0.23180343 | P11: 2.4455262 | Q11: 16.539175 | R11: 0.03853732 | S11: <0,01 | T11: 0.20862309 | U11: 0.028569773 | V11: 145.10895 | W11: <0,01 | X11: 0.00072670376 | Y11: 0.56791841 | Z11: 1.1358368 | AA11: 0.015971256 | AB11: 0.71859064 | AC11: <0,01 | AD11: <0,01 | AE11: 268.31247 | AF11: 0.021986555 | AG11: 16.458044 | AH11: 1.2285582 | AI11: <0,01 | AJ11: <0,01 | AK11: 9.6777932
A12: EHU ION2768-11 | B12: =RIGHT(A12, LEN(A12)-7) -> 2768-11 | C12: =VLOOKUP(B12,'CEBAS-DEWOOD code'!A$2:B$302,2,FALSE) -> 381 | D12: =VLOOKUP(IONOMICS!C12,'Field Table'!A$2:E$661,3,FALSE) -> FS | E12: =VLOOKUP(IONOMICS!C12,'Field Table'!A$2:E$661,4,FALSE) -> 1 | F12: =VLOOKUP(IONOMICS!C12,'Field Table'!A$2:E$661,5,FALSE) -> 25 | G12: 2.024827 | H12: 0.1017501 | I12: <0,01 | J12: <0,01 | K12: <0,01 | L12: 0.074399674 | M12: 0.13227513 | N12: 0.050875051 | O12: 0.091575092 | P12: 0.82417582 | Q12: 2.6963777 | R12: 0.096886447 | S12: <0,01 | T12: 0.081400081 | U12: 0.012698413 | V12: 51.638177 | W12: <0,01 | X12: 0.00026048026 | Y12: 1.4855515 | Z12: 0.23402523 | AA12: 0.0050579976 | AB12: 2.8490028 | AC12: <0,01 | AD12: <0,01 | AE12: 8.6284086 | AF12: 0.0091310541 | AG12: 6.6137566 | AH12: 0.22385022 | AI12: <0,01 | AJ12: <0,01 | AK12: 5.5250305
A13: EHU ION2768-12 | B13: =RIGHT(A13, LEN(A13)-7) -> 2768-12 | C13: =VLOOKUP(B13,'CEBAS-DEWOOD code'!A$2:B$302,2,FALSE) -> 75 | D13: =VLOOKUP(IONOMICS!C13,'Field Table'!A$2:E$661,3,FALSE) -> AA | E13: =VLOOKUP(IONOMICS!C13,'Field Table'!A$2:E$661,4,FALSE) -> 4 | F13: =VLOOKUP(IONOMICS!C13,'Field Table'!A$2:E$661,5,FALSE) -> 25 | G13: 13.035781 | H13: 0.083861349 | I13: <0,01 | J13: <0,01 | K13: <0,01 | L13: 0.069241521 | M13: 0.23294819 | N13: <0,01 | O13: 0.1024972 | P13: 2.1244875 | Q13: 3.9042117 | R13: 0.053242639 | S13: <0,01 | T13: 0.14908684 | U13: 0.012476705 | V13: 56.410734 | W13: <0,01 | X13: 0.00020033545 | Y13: 0.037271711 | Z13: 0.21431234 | AA13: 0.0046310101 | AB13: 1.2392844 | AC13: <0,01 | AD13: <0,01 | AE13: 34.914275 | AF13: 0.0073080507 | AG13: 3.4196795 | AH13: 1.0715617 | AI13: <0,01 | AJ13: <0,01 | AK13: 3.5314946
A14: EHU ION2768-13 | B14: =RIGHT(A14, LEN(A14)-7) -> 2768-13 | C14: =VLOOKUP(B14,'CEBAS-DEWOOD code'!A$2:B$302,2,FALSE) -> 382 | D14: =VLOOKUP(IONOMICS!C14,'Field Table'!A$2:E$661,3,FALSE) -> FS | E14: =VLOOKUP(IONOMICS!C14,'Field Table'!A$2:E$661,4,FALSE) -> 2 | F14: =VLOOKUP(IONOMICS!C14,'Field Table'!A$2:E$661,5,FALSE) -> 25 | G14: 2.3767606 | H14: <0,01 | I14: <0,01 | J14: <0,01 | K14: <0,01 | L14: 0.14799736 | M14: 0.14304577 | N14: 0.044014085 | O14: <0,01 | P14: 1.2544014 | Q14: 7.4273768 | R14: 0.14106514 | S14: <0,01 | T14: 0.11003521 | U14: 0.059231954 | V14: 66.472271 | W14: <0,01 | X14: 0.00014854754 | Y14: 0.56117958 | Z14: 0.11003521 | AA14: 0.0029852553 | AB14: 5.9198944 | AC14: <0,01 | AD14: <0,01 | AE14: 10.002201 | AF14: 0.010768046 | AG14: 14.491637 | AH14: 1.4304577 | AI14: <0,01 | AJ14: <0,01 | AK14: 3.8732394
A15: EHU ION2768-14 | B15: =RIGHT(A15, LEN(A15)-7) -> 2768-14 | C15: =VLOOKUP(B15,'CEBAS-DEWOOD code'!A$2:B$302,2,FALSE) -> 350 | D15: =VLOOKUP(IONOMICS!C15,'Field Table'!A$2:E$661,3,FALSE) -> AA | E15: =VLOOKUP(IONOMICS!C15,'Field Table'!A$2:E$661,4,FALSE) -> 2 | F15: =VLOOKUP(IONOMICS!C15,'Field Table'!A$2:E$661,5,FALSE) -> 10 | G15: 36.551866 | H15: <0,01 | I15: <0,01 | J15: <0,01 | K15: <0,01 | L15: 0.068245182 | M15: 0.15375154 | N15: <0,01 | O15: 0.071750718 | P15: 0.75850759 | Q15: 3.5465355 | R15: 0.067876179 | S15: <0,01 | T15: 0.18450185 | U15: 0.018542435 | V15: 31.693317 | W15: <0,01 | X15: 0.00060578106 | Y15: 0.04100041 | Z15: 0.70725707 | AA15: 0.00082615826 | AB15: 1.1480115 | AC15: <0,01 | AD15: <0,01 | AE15: 4.0077901 | AF15: 0.0053690037 | AG15: 3.8437884 | AH15: 0.95325953 | AI15: <0,01 | AJ15: <0,01 | AK15: 5.0635506
A16: EHU ION2768-15 | B16: =RIGHT(A16, LEN(A16)-7) -> 2768-15 | C16: =VLOOKUP(B16,'CEBAS-DEWOOD code'!A$2:B$302,2,FALSE) -> 176 | D16: =VLOOKUP(IONOMICS!C16,'Field Table'!A$2:E$661,3,FALSE) -> AA | E16: =VLOOKUP(IONOMICS!C16,'Field Table'!A$2:E$661,4,FALSE) -> 1 | F16: =VLOOKUP(IONOMICS!C16,'Field Table'!A$2:E$661,5,FALSE) -> 10 | G16: 30.031447 | H16: 0.041928721 | I16: <0,01 | J16: <0,01 | K16: <0,01 | L16: 0.044633124 | M16: 0.073375262 | N16: 0.01048218 | O16: 0.062893082 | P16: 0.97484277 | Q16: 11.29979 | R16: 0.084119497 | S16: <0,01 | T16: 0.14675052 | U16: 0.011446541 | V16: 20.691824 | W16: <0,01 | X16: 0.00039203354 | Y16: 0.020964361 | Z16: 0.17819706 | AA16: 0.0012494759 | AB16: 1.4150943 | AC16: <0,01 | AD16: <0,01 | AE16: 164.25577 | AF16: 0.005942348 | AG16: 3.5744235 | AH16: 3.8888889 | AI16: <0,01 | AJ16: <0,01 | AK16: 2.3899371
A17: EHU ION2768-16 | B17: =RIGHT(A17, LEN(A17)-7) -> 2768-16 | C17: =VLOOKUP(B17,'CEBAS-DEWOOD code'!A$2:B$302,2,FALSE) -> 190 | D17: =VLOOKUP(IONOMICS!C17,'Field Table'!A$2:E$661,3,FALSE) -> AA | E17: =VLOOKUP(IONOMICS!C17,'Field Table'!A$2:E$661,4,FALSE) -> 4 | F17: =VLOOKUP(IONOMICS!C17,'Field Table'!A$2:E$661,5,FALSE) -> 10 | G17: 19.031311 | H17: 0.061154599 | I17: <0,01 | J17: <0,01 | K17: <0,01 | L17: 0.06715998 | M17: 0.02446184 | N17: 0.01223092 | O17: 0.19569472 | P17: 0.66046967 | Q17: 5.6751468 | R17: 0.22407045 | S17: <0,01 | T17: 0.25684932 | U17: 0.01115093 | V17: 53.938356 | W17: <0,01 | X17: 0.0017918297 | Y17: 0.66046967 | Z17: 0.33023483 | AA17: 0.013197162 | AB17: 5.3938356 | AC17: <0,01 | AD17: <0,01 | AE17: 16.450587 | AF17: 0.0096832192 | AG17: 4.5865949 | AH17: 0.51369863 | AI17: <0,01 | AJ17: <0,01 | AK17: 3.1311155
A18: EHU ION2768-17 | B18: =RIGHT(A18, LEN(A18)-7) -> 2768-17 | C18: =VLOOKUP(B18,'CEBAS-DEWOOD code'!A$2:B$302,2,FALSE) -> 1070 | D18: =VLOOKUP(IONOMICS!C18,'Field Table'!A$2:E$661,3,FALSE) -> FS | E18: =VLOOKUP(IONOMICS!C18,'Field Table'!A$2:E$661,4,FALSE) -> 1 | F18: =VLOOKUP(IONOMICS!C18,'Field Table'!A$2:E$661,5,FALSE) -> 01 | G18: 17.188089 | H18: <0,01 | I18: <0,01 | J18: <0,01 | K18: <0,01 | L18: 0.32632868 | M18: 0.084809649 | N18: 0.056539766 | O18: 0.094232944 | P18: 2.7327554 | Q18: 11.826234 | R18: 0.089342254 | S18: <0,01 | T18: 0.13192612 | U18: 0.024302676 | V18: 92.857143 | W18: <0,01 | X18: 0.00033641161 | Y18: 0.74444026 | Z18: 0.94232944 | AA18: 0.024010554 | AB18: 2.3464003 | AC18: <0,01 | AD18: <0,01 | AE18: 491.80173 | AF18: 0.020147003 | AG18: 20.768941 | AH18: 0.61251413 | AI18: <0,01 | AJ18: <0,01 | AK18: 10.836789
A19: EHU ION2768-18 | B19: =RIGHT(A19, LEN(A19)-7) -> 2768-18 | C19: =VLOOKUP(B19,'CEBAS-DEWOOD code'!A$2:B$302,2,FALSE) -> 1085 | D19: =VLOOKUP(IONOMICS!C19,'Field Table'!A$2:E$661,3,FALSE) -> AA | E19: =VLOOKUP(IONOMICS!C19,'Field Table'!A$2:E$661,4,FALSE) -> 1 | F19: =VLOOKUP(IONOMICS!C19,'Field Table'!A$2:E$661,5,FALSE) -> 01 | G19: 76.026971 | H19: <0,01 | I19: <0,01 | J19: <0,01 | K19: <0,01 | L19: 0.21431535 | M19: 0.54979253 | N19: <0,01 | O19: 0.36307054 | P19: 2.7074689 | Q19: 18.195021 | R19: 0.11493776 | S19: <0,01 | T19: 0.1659751 | U19: 0.02939834 | V19: 132.05394 | W19: <0,01 | X19: 0.00026556017 | Y19: 0.41493776 | Z19: 0.90248963 | AA19: 0.018858921 | AB19: 2.5207469 | AC19: <0,01 | AD19: <0,01 | AE19: 41.172199 | AF19: 0.015684647 | AG19: 9.159751 | AH19: 1.1929461 | AI19: <0,01 | AJ19: <0,01 | AK19: 18.371369
A20: EHU ION2768-19 | B20: =RIGHT(A20, LEN(A20)-7) -> 2768-19 | C20: =VLOOKUP(B20,'CEBAS-DEWOOD code'!A$2:B$302,2,FALSE) -> 191 | D20: =VLOOKUP(IONOMICS!C20,'Field Table'!A$2:E$661,3,FALSE) -> FS | E20: =VLOOKUP(IONOMICS!C20,'Field Table'!A$2:E$661,4,FALSE) -> 1 | F20: =VLOOKUP(IONOMICS!C20,'Field Table'!A$2:E$661,5,FALSE) -> 10 | G20: 6.2980031 | H20: 0.14400922 | I20: <0,01 | J20: <0,01 | K20: <0,01 | L20: 0.36866359 | M20: 0.057603687 | N20: 0.028801843 | O20: 0.11520737 | P20: 1.1616743 | Q20: 117.60753 | R20: 0.098886329 | S20: <0,01 | T20: 0.28801843 | U20: 0.067233103 | V20: 128.45622 | W20: <0,01 | X20: 0.001312404 | Y20: 1.2288786 | Z20: 0.1344086 | AA20: 0.010032642 | AB20: 2.9857911 | AC20: <0,01 | AD20: <0,01 | AE20: 17.473118 | AF20: 0.013172043 | AG20: 15.975422 | AH20: 0.63364055 | AI20: 2.9569892 | AJ20: <0,01 | AK20: 4.9155146
A21: EHU ION2768-20 | B21: =RIGHT(A21, LEN(A21)-7) -> 2768-20 | C21: =VLOOKUP(B21,'CEBAS-DEWOOD code'!A$2:B$302,2,FALSE) -> 155 | D21: =VLOOKUP(IONOMICS!C21,'Field Table'!A$2:E$661,3,FALSE) -> FS | E21: =VLOOKUP(IONOMICS!C21,'Field Table'!A$2:E$661,4,FALSE) -> 1 | F21: =VLOOKUP(IONOMICS!C21,'Field Table'!A$2:E$661,5,FALSE) -> 10 | G21: 11.153359 | H21: <0,01 | I21: <0,01 | J21: <0,01 | K21: <0,01 | L21: 0.1730038 | M21: 0.042247571 | N21: <0,01 | O21: 0.031685678 | P21: 0.90832277 | Q21: 8.0587241 | R21: 0.058291086 | S21: <0,01 | T21: 0.15842839 | U21: 0.033016477 | V21: 64.73384 | W21: <0,01 | X21: 0.00019011407 | Y21: 0.60202788 | Z21: 0.17955218 | AA21: 0.0044201521 | AB21: 1.6793409 | AC21: <0,01 | AD21: <0,01 | AE21: 63.455851 | AF21: 0.0094370511 | AG21: 8.861428 | AH21: 0.82382763 | AI21: <0,01 | AJ21: <0,01 | AK21: 2.4926067
A22: EHU ION2768-21 | B22: =RIGHT(A22, LEN(A22)-7) -> 2768-21 | C22: =VLOOKUP(B22,'CEBAS-DEWOOD code'!A$2:B$302,2,FALSE) -> 401 | D22: =VLOOKUP(IONOMICS!C22,'Field Table'!A$2:E$661,3,FALSE) -> FS | E22: =VLOOKUP(IONOMICS!C22,'Field Table'!A$2:E$661,4,FALSE) -> 4 | F22: =VLOOKUP(IONOMICS!C22,'Field Table'!A$2:E$661,5,FALSE) -> 25 | G22: 10.458959 | H22: 0.06619594 | I22: <0,01 | J22: <0,01 | K22: <0,01 | L22: 0.22032215 | M22: 0.19858782 | N22: 0.29788173 | O22: 0.17652251 | P22: 2.3499559 | Q22: 20.531774 | R22: 0.029446161 | S22: <0,01 | T22: 0.22065313 | U22: 0.023565899 | V22: 92.740512 | W22: <0,01 | X22: 0.00034090909 | Y22: 1.7652251 | Z22: 0.35304501 | AA22: 0.008434466 | AB22: 2.184466 | AC22: <0,01 | AD22: <0,01 | AE22: 34.521183 | AF22: 0.024646955 | AG22: 9.0688438 | AH22: 1.2577229 | AI22: 5.0970874 | AJ22: <0,01 | AK22: 4.5564872
A23: EHU ION2768-22 | B23: =RIGHT(A23, LEN(A23)-7) -> 2768-22 | C23: =VLOOKUP(B23,'CEBAS-DEWOOD code'!A$2:B$302,2,FALSE) -> 1 | D23: =VLOOKUP(IONOMICS!C23,'Field Table'!A$2:E$661,3,FALSE) -> AA | E23: =VLOOKUP(IONOMICS!C23,'Field Table'!A$2:E$661,4,FALSE) -> 1 | F23: =VLOOKUP(IONOMICS!C23,'Field Table'!A$2:E$661,5,FALSE) -> 25 | G23: 47.104106 | H23: <0,01 | I23: <0,01 | J23: <0,01 | K23: <0,01 | L23: 0.068572825 | M23: 0.036656891 | N23: <0,01 | O23: 0.29325513 | P23: 1.1363636 | Q23: 34.775171 | R23: 0.26344086 | S23: <0,01 | T23: 0.23216031 | U23: 0.018242913 | V23: 18.902737 | W23: <0,01 | X23: 0.00021871945 | Y23: 0.10997067 | Z23: 0.34213099 | AA23: 0.0016092375 | AB23: 7.1480938 | AC23: <0,01 | AD23: <0,01 | AE23: 75 | AF23: 0.0048130499 | AG23: 3.6656891 | AH23: 4.3377322 | AI23: <0,01 | AJ23: <0,01 | AK23: 3.2502444
A24: EHU ION2768-23 | B24: =RIGHT(A24, LEN(A24)-7) -> 2768-23 | C24: =VLOOKUP(B24,'CEBAS-DEWOOD code'!A$2:B$302,2,FALSE) -> 361 | D24: =VLOOKUP(IONOMICS!C24,'Field Table'!A$2:E$661,3,FALSE) -> AA | E24: =VLOOKUP(IONOMICS!C24,'Field Table'!A$2:E$661,4,FALSE) -> 2 | F24: =VLOOKUP(IONOMICS!C24,'Field Table'!A$2:E$661,5,FALSE) -> 25 | G24: 3.4872488 | H24: <0,01 | I24: <0,01 | J24: <0,01 | K24: <0,01 | L24: 0.044783617 | M24: 0.057959815 | N24: 0.048299845 | O24: 0.11591963 | P24: 0.88871716 | Q24: 6.6846986 | R24: 0.063475657 | S24: <0,01 | T24: 0.20285935 | U24: 0.0085625966 | V24: 18.151082 | W24: <0,01 | X24: 0.00051777434 | Y24: 0.0096599691 | Z24: 0.019319938 | AA24: 0.00075830757 | AB24: 1.4103555 | AC24: <0,01 | AD24: <0,01 | AE24: 3.6224884 | AF24: 0.0042445904 | AG24: 2.5598918 | AH24: 1.6518547 | AI24: <0,01 | AJ24: <0,01 | AK24: 3.3133694
A25: EHU ION2768-24 | B25: =RIGHT(A25, LEN(A25)-7) -> 2768-24 | C25: =VLOOKUP(B25,'CEBAS-DEWOOD code'!A$2:B$302,2,FALSE) -> 1072 | D25: =VLOOKUP(IONOMICS!C25,'Field Table'!A$2:E$661,3,FALSE) -> FS | E25: =VLOOKUP(IONOMICS!C25,'Field Table'!A$2:E$661,4,FALSE) -> 4 | F25: =VLOOKUP(IONOMICS!C25,'Field Table'!A$2:E$661,5,FALSE) -> 01 | G25: 34.869953 | H25: <0,01 | I25: <0,01 | J25: <0,01 | K25: <0,01 | L25: 0.49776786 | M25: 0.067934783 | N25: 0.048524845 | O25: 0.31055901 | P25: 2.7368012 | Q25: 20.652174 | R25: 0.040925854 | S25: <0,01 | T25: 0.14557453 | U25: 0.029473991 | V25: 129.75543 | W25: <0,01 | X25: 0.0022234084 | Y25: 0.51436335 | Z25: 1.251941 | AA25: 0.012121506 | AB25: 0.77639752 | AC25: <0,01 | AD25: <0,01 | AE25: 326.28106 | AF25: 0.022350543 | AG25: 35.636646 | AH25: 1.5139752 | AI25: <0,01 | AJ25: <0,01 | AK25: 10.869565
A26: EHU ION2768-25 | B26: =RIGHT(A26, LEN(A26)-7) -> 2768-25 | C26: =VLOOKUP(B26,'CEBAS-DEWOOD code'!A$2:B$302,2,FALSE) -> 410 | D26: =VLOOKUP(IONOMICS!C26,'Field Table'!A$2:E$661,3,FALSE) -> FS | E26: =VLOOKUP(IONOMICS!C26,'Field Table'!A$2:E$661,4,FALSE) -> 2 | F26: =VLOOKUP(IONOMICS!C26,'Field Table'!A$2:E$661,5,FALSE) -> 10 | G26: 1.89747 | H26: 0.13315579 | I26: <0,01 | J26: <0,01 | K26: <0,01 | L26: 0.1222814 | M26: 0.19973369 | N26: 0.12205948 | O26: 0.022192632 | P26: 0.98757213 | Q26: 6.4580559 | R26: 0.10788948 | S26: <0,01 | T26: 0.13315579 | U26: 0.033388815 | V26: 153.0182 | W26: <0,01 | X26: <0,01 | Y26: 0.8322237 | Z26: 0.16644474 | AA26: 0.0076165113 | AB26: 3.650688 | AC26: <0,01 | AD26: <0,01 | AE26: 8.3444296 | AF26: 0.011140701 | AG26: 7.6009765 | AH26: 0.47714159 | AI26: <0,01 | AJ26: <0,01 | AK26: 3.6617843
A27: EHU ION2768-26 | B27: =RIGHT(A27, LEN(A27)-7) -> 2768-26 | C27: =VLOOKUP(B27,'CEBAS-DEWOOD code'!A$2:B$302,2,FALSE) -> 76 | D27: =VLOOKUP(IONOMICS!C27,'Field Table'!A$2:E$661,3,FALSE) -> FS | E27: =VLOOKUP(IONOMICS!C27,'Field Table'!A$2:E$661,4,FALSE) -> 1 | F27: =VLOOKUP(IONOMICS!C27,'Field Table'!A$2:E$661,5,FALSE) -> 25 | G27: 12.842801 | H27: <0,01 | I27: <0,01 | J27: <0,01 | K27: <0,01 | L27: 0.09463761 | M27: 0.073457395 | N27: 0.085700294 | O27: 0.33055828 | P27: 1.4446621 | Q27: 18.217434 | R27: 0.1456905 | S27: <0,01 | T27: 0.28158668 | U27: 0.026738492 | V27: 62.487757 | W27: <0,01 | X27: 0.0074265426 | Y27: 0.82027424 | Z27: 0.18364349 | AA27: 0.0054113614 | AB27: 4.9951028 | AC27: <0,01 | AD27: <0,01 | AE27: 19.93144 | AF27: 0.010568071 | AG27: 7.2233105 | AH27: 4.4809011 | AI27: <0,01 | AJ27: <0,01 | AK27: 3.3055828
A28: EHU ION2768-27 | B28: =RIGHT(A28, LEN(A28)-7) -> 2768-27 | C28: =VLOOKUP(B28,'CEBAS-DEWOOD code'!A$2:B$302,2,FALSE) -> 1014 | D28: =VLOOKUP(IONOMICS!C28,'Field Table'!A$2:E$661,3,FALSE) -> AA | E28: =VLOOKUP(IONOMICS!C28,'Field Table'!A$2:E$661,4,FALSE) -> 2 | F28: =VLOOKUP(IONOMICS!C28,'Field Table'!A$2:E$661,5,FALSE) -> 01 | G28: 27.46344 | H28: 0.043523677 | I28: <0,01 | J28: <0,01 | K28: <0,01 | L28: 0.11298747 | M28: 0.16538997 | N28: <0,01 | O28: 0.19150418 | P28: 2.1587744 | Q28: 12.195334 | R28: 0.063849234 | S28: <0,01 | T28: 0.13927577 | U28: 0.017740251 | V28: 73.911908 | W28: <0,01 | X28: 0.00036472841 | Y28: 0.24373259 | Z28: 0.27855153 | AA28: 0.0056841922 | AB28: 0.8617688 | AC28: <0,01 | AD28: <0,01 | AE28: 26.540738 | AF28: 0.009670961 | AG28: 4.2305014 | AH28: 0.84435933 | AI28: <0,01 | AJ28: <0,01 | AK28: 10.219359
A29: EHU ION2768-28 | B29: =RIGHT(A29, LEN(A29)-7) -> 2768-28 | C29: =VLOOKUP(B29,'CEBAS-DEWOOD code'!A$2:B$302,2,FALSE) -> #N/A | D29: =VLOOKUP(IONOMICS!C29,'Field Table'!A$2:E$661,3,FALSE) -> #N/A | E29: =VLOOKUP(IONOMICS!C29,'Field Table'!A$2:E$661,4,FALSE) -> #N/A | F29: =VLOOKUP(IONOMICS!C29,'Field Table'!A$2:E$661,5,FALSE) -> #N/A | G29: 4.4871795 | H29: 0.10508617 | I29: <0,01 | J29: <0,01 | K29: <0,01 | L29: 0.10571669 | M29: 0.10508617 | N29: <0,01 | O29: <0,01 | P29: 1.1664565 | Q29: 3.3417402 | R29: 0.085834384 | S29: <0,01 | T29: 0.16813787 | U29: 0.061664565 | V29: 40.50021 | W29: <0,01 | X29: 0.00010718789 | Y29: 0.66204288 | Z29: 0.094577554 | AA29: 0.006504834 | AB29: 3.0369903 | AC29: <0,01 | AD29: <0,01 | AE29: 26.944094 | AF29: 0.010153426 | AG29: 9.4052123 | AH29: 0.39932745 | AI29: <0,01 | AJ29: <0,01 | AK29: 3.3837747
A30: EHU ION2768-29 | B30: =RIGHT(A30, LEN(A30)-7) -> 2768-29 | C30: =VLOOKUP(B30,'CEBAS-DEWOOD code'!A$2:B$302,2,FALSE) -> 189 | D30: =VLOOKUP(IONOMICS!C30,'Field Table'!A$2:E$661,3,FALSE) -> AA | E30: =VLOOKUP(IONOMICS!C30,'Field Table'!A$2:E$661,4,FALSE) -> 2 | F30: =VLOOKUP(IONOMICS!C30,'Field Table'!A$2:E$661,5,FALSE) -> 10 | G30: 7.6106842 | H30: 0.054884742 | I30: <0,01 | J30: <0,01 | K30: <0,01 | L30: 0.072639956 | M30: 0.073179656 | N30: <0,01 | O30: 0.027442371 | P30: 0.69520673 | Q30: 1.600805 | R30: 0.1126052 | S30: <0,01 | T30: 0.10062203 | U30: 0.015120746 | V30: 26.070252 | W30: <0,01 | X30: 0.00011525796 | Y30: 0.073179656 | Z30: 0.064032199 | AA30: 0.0015825101 | AB30: 2.0764727 | AC30: <0,01 | AD30: <0,01 | AE30: 2.5246981 | AF30: 0.0052003293 | AG30: 4.5554336 | AH30: 0.1920966 | AI30: <0,01 | AJ30: <0,01 | AK30: 3.4760337
A31: EHU ION2768-30 | B31: =RIGHT(A31, LEN(A31)-7) -> 2768-30 | C31: =VLOOKUP(B31,'CEBAS-DEWOOD code'!A$2:B$302,2,FALSE) -> 1063 | D31: =VLOOKUP(IONOMICS!C31,'Field Table'!A$2:E$661,3,FALSE) -> AA | E31: =VLOOKUP(IONOMICS!C31,'Field Table'!A$2:E$661,4,FALSE) -> 4 | F31: =VLOOKUP(IONOMICS!C31,'Field Table'!A$2:E$661,5,FALSE) -> 01 | G31: 102.39573 | H31: <0,01 | I31: <0,01 | J31: <0,01 | K31: <0,01 | L31: 0.23286991 | M31: 0.40963257 | N31: <0,01 | O31: 0.459285 | P31: 2.8550149 | Q31: 41.53426 | R31: 0.014039225 | S31: <0,01 | T31: 0.099304866 | U31: 0.018247269 | V31: 104.22046 | W31: <0,01 | X31: 0.0014374379 | Y31: 0.32274081 | Z31: 3.438431 | AA31: 0.0079568024 | AB31: 0.62065541 | AC31: <0,01 | AD31: <0,01 | AE31: 87.984111 | AF31: 0.019116187 | AG31: 10.327706 | AH31: 2.7929494 | AI31: <0,01 | AJ31: <0,01 | AK31: 19.401688
A32: EHU ION2768-31 | B32: =RIGHT(A32, LEN(A32)-7) -> 2768-31 | C32: =VLOOKUP(B32,'CEBAS-DEWOOD code'!A$2:B$302,2,FALSE) -> 380 | D32: =VLOOKUP(IONOMICS!C32,'Field Table'!A$2:E$661,3,FALSE) -> AA | E32: =VLOOKUP(IONOMICS!C32,'Field Table'!A$2:E$661,4,FALSE) -> 4 | F32: =VLOOKUP(IONOMICS!C32,'Field Table'!A$2:E$661,5,FALSE) -> 25 | G32: 8.4267564 | H32: 0.0093423019 | I32: <0,01 | J32: <0,01 | K32: <0,01 | L32: 0.14088191 | M32: 0.21487294 | N32: <0,01 | O32: 0.093423019 | P32: 1.9245142 | Q32: 6.4835575 | R32: 0.12677504 | S32: <0,01 | T32: 0.18684604 | U32: 0.020898729 | V32: 53.671525 | W32: <0,01 | X32: 0.00080810912 | Y32: 0.52316891 | Z32: 0.20553064 | AA32: 0.0028447309 | AB32: 1.4200299 | AC32: <0,01 | AD32: <0,01 | AE32: 9.1834828 | AF32: 0.007901719 | AG32: 10.650224 | AH32: 0.41106129 | AI32: <0,01 | AJ32: <0,01 | AK32: 6.2406577
A33: EHU ION2768-32 | B33: =RIGHT(A33, LEN(A33)-7) -> 2768-32 | C33: =VLOOKUP(B33,'CEBAS-DEWOOD code'!A$2:B$302,2,FALSE) -> 1005 | D33: =VLOOKUP(IONOMICS!C33,'Field Table'!A$2:E$661,3,FALSE) -> FS | E33: =VLOOKUP(IONOMICS!C33,'Field Table'!A$2:E$661,4,FALSE) -> 2 | F33: =VLOOKUP(IONOMICS!C33,'Field Table'!A$2:E$661,5,FALSE) -> 01 | G33: 14.134972 | H33: 0.046382189 | I33: <0,01 | J33: <0,01 | K33: <0,01 | L33: 0.26495826 | M33: 0.069573284 | N33: <0,01 | O33: 0.24350649 | P33: 2.1683673 | Q33: 11.989796 | R33: 0.082224026 | S33: <0,01 | T33: 0.24350649 | U33: 0.030820965 | V33: 78.849722 | W33: <0,01 | X33: 0.00048817254 | Y33: 1.3218924 | Z33: 0.68413729 | AA33: 0.014413265 | AB33: 2.8872913 | AC33: <0,01 | AD33: <0,01 | AE33: 365.02783 | AF33: 0.019399351 | AG33: 17.312152 | AH33: 1.1131725 | AI33: <0,01 | AJ33: <0,01 | AK33: 4.2323748
A34: EHU ION2768-33 | B34: =RIGHT(A34, LEN(A34)-7) -> 2768-33 | C34: =VLOOKUP(B34,'CEBAS-DEWOOD code'!A$2:B$302,2,FALSE) -> 110 | D34: =VLOOKUP(IONOMICS!C34,'Field Table'!A$2:E$661,3,FALSE) -> AA | E34: =VLOOKUP(IONOMICS!C34,'Field Table'!A$2:E$661,4,FALSE) -> 2 | F34: =VLOOKUP(IONOMICS!C34,'Field Table'!A$2:E$661,5,FALSE) -> 25 | G34: 6.0918114 | H34: <0,01 | I34: <0,01 | J34: <0,01 | K34: <0,01 | L34: 0.03983871 | M34: 0.037220844 | N34: <0,01 | O34: <0,01 | P34: 0.79404467 | Q34: 3.8585608 | R34: 0.077679901 | S34: <0,01 | T34: 0.22332506 | U34: 0.0085260546 | V34: 16.401985 | W34: <0,01 | X34: <0,01 | Y34: 0.074441687 | Z34: 0.12406948 | AA34: 0.00064888337 | AB34: 1.5384615 | AC34: <0,01 | AD34: <0,01 | AE34: 5.2729529 | AF34: 0.0044689826 | AG34: 2.6426799 | AH34: 0.74441687 | AI34: <0,01 | AJ34: <0,01 | AK34: 2.8039702
A35: EHU ION2768-34 | B35: =RIGHT(A35, LEN(A35)-7) -> 2768-34 | C35: =VLOOKUP(B35,'CEBAS-DEWOOD code'!A$2:B$302,2,FALSE) -> #N/A | D35: =VLOOKUP(IONOMICS!C35,'Field Table'!A$2:E$661,3,FALSE) -> #N/A | E35: =VLOOKUP(IONOMICS!C35,'Field Table'!A$2:E$661,4,FALSE) -> #N/A | F35: =VLOOKUP(IONOMICS!C35,'Field Table'!A$2:E$661,5,FALSE) -> #N/A | G35: 8.1960784 | H35: 0.11764706 | I35: <0,01 | J35: <0,01 | K35: <0,01 | L35: 0.22813725 | M35: 0.098039216 | N35: 0.049019608 | O35: 0.16666667 | P35: 1.3627451 | Q35: 2.5 | R35: 0.025205882 | S35: <0,01 | T35: 0.14705882 | U35: 0.045892157 | V35: 87.04902 | W35: <0,01 | X35: 0.00054705882 | Y35: 0.17647059 | Z35: 0.40196078 | AA35: 0.0030882353 | AB35: 0.46078431 | AC35: <0,01 | AD35: <0,01 | AE35: 4.7254902 | AF35: 0.0088303922 | AG35: 11.313725 | AH35: 0.39215686 | AI35: <0,01 | AJ35: <0,01 | AK35: 6.6862745
A36: EHU ION2768-35 | B36: =RIGHT(A36, LEN(A36)-7) -> 2768-35 | C36: =VLOOKUP(B36,'CEBAS-DEWOOD code'!A$2:B$302,2,FALSE) -> 369 | D36: =VLOOKUP(IONOMICS!C36,'Field Table'!A$2:E$661,3,FALSE) -> AA | E36: =VLOOKUP(IONOMICS!C36,'Field Table'!A$2:E$661,4,FALSE) -> 2 | F36: =VLOOKUP(IONOMICS!C36,'Field Table'!A$2:E$661,5,FALSE) -> 10 | G36: 4.4295863 | H36: <0,01 | I36: <0,01 | J36: <0,01 | K36: <0,01 | L36: 0.036011283 | M36: 0.073129962 | N36: <0,01 | O36: 0.031341412 | P36: 0.86711241 | Q36: 4.3877977 | R36: 0.062755955 | S36: <0,01 | T36: 0.27162557 | U36: 0.008269954 | V36: 16.391559 | W36: <0,01 | X36: <0,01 | Y36: <0,01 | Z36: 0.11491851 | AA36: 0.0052183452 | AB36: 0.92979524 | AC36: <0,01 | AD36: <0,01 | AE36: 8.817384 | AF36: 0.0043000418 | AG36: 2.2983702 | AH36: 0.64772252 | AI36: <0,01 | AJ36: <0,01 | AK36: 3.7609695
A37: EHU ION2768-36 | B37: =RIGHT(A37, LEN(A37)-7) -> 2768-36 | C37: =VLOOKUP(B37,'CEBAS-DEWOOD code'!A$2:B$302,2,FALSE) -> 1038 | D37: =VLOOKUP(IONOMICS!C37,'Field Table'!A$2:E$661,3,FALSE) -> AA | E37: =VLOOKUP(IONOMICS!C37,'Field Table'!A$2:E$661,4,FALSE) -> 2 | F37: =VLOOKUP(IONOMICS!C37,'Field Table'!A$2:E$661,5,FALSE) -> 01 | G37: 92.814438 | H37: <0,01 | I37: <0,01 | J37: <0,01 | K37: <0,01 | L37: 0.34078831 | M37: 0.47608503 | N37: 0.011071745 | O37: 5.8458813 | P37: 2.9229407 | Q37: 54.140833 | R37: 0.072752436 | S37: <0,01 | T37: 0.28786537 | U37: 0.038319309 | V37: 103.29938 | W37: <0,01 | X37: 0.0004428698 | Y37: 0.62001771 | Z37: 1.9596988 | AA37: 0.012632861 | AB37: 1.4614703 | AC37: <0,01 | AD37: <0,01 | AE37: 52.900797 | AF37: 0.018954827 | AG37: 15.73295 | AH37: 1.7604074 | AI37: <0,01 | AJ37: <0,01 | AK37: 31.166962
A38: EHU ION2768-37 | B38: =RIGHT(A38, LEN(A38)-7) -> 2768-37 | C38: =VLOOKUP(B38,'CEBAS-DEWOOD code'!A$2:B$302,2,FALSE) -> 268 | D38: =VLOOKUP(IONOMICS!C38,'Field Table'!A$2:E$661,3,FALSE) -> FS | E38: =VLOOKUP(IONOMICS!C38,'Field Table'!A$2:E$661,4,FALSE) -> 2 | F38: =VLOOKUP(IONOMICS!C38,'Field Table'!A$2:E$661,5,FALSE) -> 01 | G38: 10.279354 | H38: 0.94936709 | I38: 0.2837189 | J38: <0,01 | K38: <0,01 | L38: 0.067263204 | M38: 0.75294631 | N38: 0.42557835 | O38: 0.32736796 | P38: 1.4295068 | Q38: 7.8240943 | R38: 0.10440856 | S38: <0,01 | T38: 0.49105194 | U38: 0.018408992 | V38: 30.117852 | W38: 1.7241379 | X38: 0.00063945875 | Y38: 0.46922741 | Z38: 1.7459625 | AA38: 0.002220646 | AB38: 1.9205587 | AC38: 1.7568747 | AD38: <0,01 | AE38: 14.720646 | AF38: 0.0062123527 | AG38: 3.7756438 | AH38: 1.3094718 | AI38: <0,01 | AJ38: 0.16368398 | AK38: 4.8886949
A39: EHU ION2768-38 | B39: =RIGHT(A39, LEN(A39)-7) -> 2768-38 | C39: =VLOOKUP(B39,'CEBAS-DEWOOD code'!A$2:B$302,2,FALSE) -> 157 | D39: =VLOOKUP(IONOMICS!C39,'Field Table'!A$2:E$661,3,FALSE) -> FS | E39: =VLOOKUP(IONOMICS!C39,'Field Table'!A$2:E$661,4,FALSE) -> 4 | F39: =VLOOKUP(IONOMICS!C39,'Field Table'!A$2:E$661,5,FALSE) -> 10 | G39: 3.8348624 | H39: 0.14678899 | I39: 0.0091743119 | J39: <0,01 | K39: <0,01 | L39: 0.089045872 | M39: 0.14678899 | N39: 0.082568807 | O39: 0.11009174 | P39: 1.1192661 | Q39: 2.8073394 | R39: 0.038165138 | S39: <0,01 | T39: 0.19266055 | U39: 0.046605505 | V39: 32.311927 | W39: <0,01 | X39: 0.00015229358 | Y39: 0.44036697 | Z39: 0.21100917 | AA39: 0.0039844037 | AB39: 1.5688073 | AC39: <0,01 | AD39: <0,01 | AE39: 11.06422 | AF39: 0.0074816514 | AG39: 10.330275 | AH39: 0.3853211 | AI39: <0,01 | AJ39: <0,01 | AK39: 2.4311927
A40: EHU ION2768-39 | B40: =RIGHT(A40, LEN(A40)-7) -> 2768-39 | C40: =VLOOKUP(B40,'CEBAS-DEWOOD code'!A$2:B$302,2,FALSE) -> 1035 | D40: =VLOOKUP(IONOMICS!C40,'Field Table'!A$2:E$661,3,FALSE) -> FS | E40: =VLOOKUP(IONOMICS!C40,'Field Table'!A$2:E$661,4,FALSE) -> 2 | F40: =VLOOKUP(IONOMICS!C40,'Field Table'!A$2:E$661,5,FALSE) -> 01 | G40: 11.705653 | H40: 0.038986355 | I40: <0,01 | J40: <0,01 | K40: <0,01 | L40: 0.18430799 | M40: 0.11695906 | N40: 0.058479532 | O40: 0.1754386 | P40: 2.2709552 | Q40: 9.5224172 | R40: 0.10380117 | S40: <0,01 | T40: 0.26315789 | U40: 0.021276803 | V40: 58.382066 | W40: <0,01 | X40: 0.00067348928 | Y40: 0.5165692 | Z40: 0.36062378 | AA40: 0.026978558 | AB40: 2.6705653 | AC40: <0,01 | AD40: <0,01 | AE40: 344.05458 | AF40: 0.019580897 | AG40: 10.847953 | AH40: 0.49707602 | AI40: <0,01 | AJ40: <0,01 | AK40: 4.2300195
A41: EHU ION2768-40 | B41: =RIGHT(A41, LEN(A41)-7) -> 2768-40 | C41: =VLOOKUP(B41,'CEBAS-DEWOOD code'!A$2:B$302,2,FALSE) -> 388 | D41: =VLOOKUP(IONOMICS!C41,'Field Table'!A$2:E$661,3,FALSE) -> AA | E41: =VLOOKUP(IONOMICS!C41,'Field Table'!A$2:E$661,4,FALSE) -> 4 | F41: =VLOOKUP(IONOMICS!C41,'Field Table'!A$2:E$661,5,FALSE) -> 10 | G41: 10.376183 | H41: 0.24912805 | I41: <0,01 | J41: <0,01 | K41: <0,01 | L41: 0.09293722 | M41: 0.51071251 | N41: 0.087194818 | O41: 0.18684604 | P41: 1.3452915 | Q41: 12.967115 | R41: 0.04449427 | S41: <0,01 | T41: 0.12456403 | U41: 0.024900349 | V41: 37.356751 | W41: <0,01 | X41: 0.00028400598 | Y41: 0.17438964 | Z41: 0.44843049 | AA41: 0.0013714499 | AB41: 1.0463378 | AC41: <0,01 | AD41: <0,01 | AE41: 10.762332 | AF41: 0.0071499751 | AG41: 7.2620827 | AH41: 0.78475336 | AI41: <0,01 | AJ41: <0,01 | AK41: 6.003986
A42: EHU ION2768-41 | B42: =RIGHT(A42, LEN(A42)-7) -> 2768-41 | C42: =VLOOKUP(B42,'CEBAS-DEWOOD code'!A$2:B$302,2,FALSE) -> 166 | D42: =VLOOKUP(IONOMICS!C42,'Field Table'!A$2:E$661,3,FALSE) -> AA | E42: =VLOOKUP(IONOMICS!C42,'Field Table'!A$2:E$661,4,FALSE) -> 4 | F42: =VLOOKUP(IONOMICS!C42,'Field Table'!A$2:E$661,5,FALSE) -> 10 | G42: 10.573264 | H42: 0.083254044 | I42: <0,01 | J42: <0,01 | K42: <0,01 | L42: 0.079876308 | M42: 0.19029496 | N42: 0.059467174 | O42: <0,01 | P42: 1.9862036 | Q42: 6.3035205 | R42: 0.14985728 | S42: <0,01 | T42: 0.083254044 | U42: 0.015853949 | V42: 31.493815 | W42: <0,01 | X42: <0,01 | Y42: 0.17840152 | Z42: 0.26165557 | AA42: 0.0083955756 | AB42: 4.4362512 | AC42: <0,01 | AD42: <0,01 | AE42: 8.6822074 | AF42: 0.0079091342 | AG42: 4.7098002 | AH42: 0.45195052 | AI42: <0,01 | AJ42: <0,01 | AK42: 6.2797336
A43: EHU ION2768-42 | B43: =RIGHT(A43, LEN(A43)-7) -> 2768-42 | C43: =VLOOKUP(B43,'CEBAS-DEWOOD code'!A$2:B$302,2,FALSE) -> 1044 | D43: =VLOOKUP(IONOMICS!C43,'Field Table'!A$2:E$661,3,FALSE) -> AA | E43: =VLOOKUP(IONOMICS!C43,'Field Table'!A$2:E$661,4,FALSE) -> 2 | F43: =VLOOKUP(IONOMICS!C43,'Field Table'!A$2:E$661,5,FALSE) -> 01 | G43: 32.632399 | H43: 0.18914108 | I43: <0,01 | J43: <0,01 | K43: <0,01 | L43: 0.12961727 | M43: 0.28927459 | N43: 0.089007566 | O43: 0.20026702 | P43: 2.1139297 | Q43: 11.860258 | R43: 0.039786382 | S43: <0,01 | T43: 0.2670227 | U43: 0.020149088 | V43: 36.392968 | W43: <0,01 | X43: 0.0004305741 | Y43: 0.31152648 | Z43: 0.73431242 | AA43: 0.0066266133 | AB43: 0.91232755 | AC43: <0,01 | AD43: <0,01 | AE43: 22.085002 | AF43: 0.0095772141 | AG43: 6.5086782 | AH43: 0.78994215 | AI43: <0,01 | AJ43: <0,01 | AK43: 14.207833
A44: EHU ION2768-43 | B44: =RIGHT(A44, LEN(A44)-7) -> 2768-43 | C44: =VLOOKUP(B44,'CEBAS-DEWOOD code'!A$2:B$302,2,FALSE) -> 8 | D44: =VLOOKUP(IONOMICS!C44,'Field Table'!A$2:E$661,3,FALSE) -> AA | E44: =VLOOKUP(IONOMICS!C44,'Field Table'!A$2:E$661,4,FALSE) -> 2 | F44: =VLOOKUP(IONOMICS!C44,'Field Table'!A$2:E$661,5,FALSE) -> 10 | G44: 11.108434 | H44: 0.10843373 | I44: <0,01 | J44: <0,01 | K44: <0,01 | L44: 0.049301205 | M44: 0.12048193 | N44: 0.036144578 | O44: 0.10843373 | P44: 0.86746988 | Q44: 4.3493976 | R44: 0.065253012 | S44: <0,01 | T44: 0.14457831 | U44: 0.013963855 | V44: 25.433735 | W44: <0,01 | X44: 0.00017228916 | Y44: 0.21686747 | Z44: 0.45783133 | AA44: 0.0013084337 | AB44: 1.2771084 | AC44: <0,01 | AD44: <0,01 | AE44: 7.3975904 | AF44: 0.0048987952 | AG44: 2.7228916 | AH44: 0.74698795 | AI44: <0,01 | AJ44: <0,01 | AK44: 2.6987952
A45: EHU ION2768-44 | B45: =RIGHT(A45, LEN(A45)-7) -> 2768-44 | C45: =VLOOKUP(B45,'CEBAS-DEWOOD code'!A$2:B$302,2,FALSE) -> 44 | D45: =VLOOKUP(IONOMICS!C45,'Field Table'!A$2:E$661,3,FALSE) -> AA | E45: =VLOOKUP(IONOMICS!C45,'Field Table'!A$2:E$661,4,FALSE) -> 2 | F45: =VLOOKUP(IONOMICS!C45,'Field Table'!A$2:E$661,5,FALSE) -> 10 | G45: 13.798157 | H45: 0.094221106 | I45: <0,01 | J45: <0,01 | K45: <0,01 | L45: 0.083134422 | M45: 0.094221106 | N45: 0.041876047 | O45: 0.11515913 | P45: 1.1515913 | Q45: 14.038945 | R45: 0.13201424 | S45: <0,01 | T45: 0.052345059 | U45: 0.021377722 | V45: 28.653685 | W45: <0,01 | X45: 0.0017996231 | Y45: 0.18844221 | Z45: 0.052345059 | AA45: 0.00078203518 | AB45: 2.4288107 | AC45: <0,01 | AD45: <0,01 | AE45: 16.907454 | AF45: 0.005328727 | AG45: 5.1612228 | AH45: 0.30360134 | AI45: <0,01 | AJ45: <0,01 | AK45: 3.3186767
A46: EHU ION2768-45 | B46: =RIGHT(A46, LEN(A46)-7) -> 2768-45 | C46: =VLOOKUP(B46,'CEBAS-DEWOOD code'!A$2:B$302,2,FALSE) -> 374 | D46: =VLOOKUP(IONOMICS!C46,'Field Table'!A$2:E$661,3,FALSE) -> FS | E46: =VLOOKUP(IONOMICS!C46,'Field Table'!A$2:E$661,4,FALSE) -> 2 | F46: =VLOOKUP(IONOMICS!C46,'Field Table'!A$2:E$661,5,FALSE) -> 10 | G46: 9.4244604 | H46: 0.071942446 | I46: <0,01 | J46: <0,01 | K46: <0,01 | L46: 0.092182254 | M46: 0.071942446 | N46: 0.047961631 | O46: 0.95923261 | P46: 1.4268585 | Q46: 43.477218 | R46: 0.037613909 | S46: <0,01 | T46: 0.083932854 | U46: 0.043165468 | V46: 28.741007 | W46: <0,01 | X46: 0.0016882494 | Y46: 0.53956835 | Z46: 0.20383693 | AA46: 0.004559952 | AB46: 1.7266187 | AC46: <0,01 | AD46: <0,01 | AE46: 24.232614 | AF46: 0.0088045564 | AG46: 7.9256595 | AH46: 0.76738609 | AI46: <0,01 | AJ46: <0,01 | AK46: 2.4460432
A47: EHU ION2768-46 | B47: =RIGHT(A47, LEN(A47)-7) -> 2768-46 | C47: =VLOOKUP(B47,'CEBAS-DEWOOD code'!A$2:B$302,2,FALSE) -> 381 | D47: =VLOOKUP(IONOMICS!C47,'Field Table'!A$2:E$661,3,FALSE) -> FS | E47: =VLOOKUP(IONOMICS!C47,'Field Table'!A$2:E$661,4,FALSE) -> 1 | F47: =VLOOKUP(IONOMICS!C47,'Field Table'!A$2:E$661,5,FALSE) -> 25 | G47: 6.8950178 | H47: 0.13345196 | I47: <0,01 | J47: <0,01 | K47: <0,01 | L47: 0.081841637 | M47: 0.12455516 | N47: 0.053380783 | O47: <0,01 | P47: 1.3790036 | Q47: 3.3807829 | R47: 0.12153025 | S47: <0,01 | T47: 0.071174377 | U47: 0.016272242 | V47: 59.857651 | W47: <0,01 | X47: <0,01 | Y47: 1.8327402 | Z47: 0.20462633 | AA47: 0.0040729537 | AB47: 3.8345196 | AC47: <0,01 | AD47: <0,01 | AE47: 15 | AF47: 0.0081752669 | AG47: 7.7046263 | AH47: 0.39145907 | AI47: <0,01 | AJ47: <0,01 | AK47: 6.183274
A48: EHU ION2768-47 | B48: =RIGHT(A48, LEN(A48)-7) -> 2768-47 | C48: =VLOOKUP(B48,'CEBAS-DEWOOD code'!A$2:B$302,2,FALSE) -> 1007 | D48: =VLOOKUP(IONOMICS!C48,'Field Table'!A$2:E$661,3,FALSE) -> AA | E48: =VLOOKUP(IONOMICS!C48,'Field Table'!A$2:E$661,4,FALSE) -> 1 | F48: =VLOOKUP(IONOMICS!C48,'Field Table'!A$2:E$661,5,FALSE) -> 01 | G48: 51.521826 | H48: 0.12014417 | I48: <0,01 | J48: <0,01 | K48: <0,01 | L48: 0.11003204 | M48: 0.30036043 | N48: <0,01 | O48: 0.23027633 | P48: 3.1137365 | Q48: 11.463757 | R48: 0.11704045 | S48: <0,01 | T48: 0.12014417 | U48: 0.021195435 | V48: 98.027633 | W48: <0,01 | X48: 0.00011914297 | Y48: 0.030036043 | Z48: 0.23027633 | AA48: 0.015378454 | AB48: 2.773328 | AC48: <0,01 | AD48: <0,01 | AE48: 26.551862 | AF48: 0.011453744 | AG48: 5.56668 | AH48: 0.73087705 | AI48: <0,01 | AJ48: <0,01 | AK48: 10.592711
A49: EHU ION2768-48 | B49: =RIGHT(A49, LEN(A49)-7) -> 2768-48 | C49: =VLOOKUP(B49,'CEBAS-DEWOOD code'!A$2:B$302,2,FALSE) -> 1084 | D49: =VLOOKUP(IONOMICS!C49,'Field Table'!A$2:E$661,3,FALSE) -> FS | E49: =VLOOKUP(IONOMICS!C49,'Field Table'!A$2:E$661,4,FALSE) -> 4 | F49: =VLOOKUP(IONOMICS!C49,'Field Table'!A$2:E$661,5,FALSE) -> 01 | G49: 25.213675 | H49: 0.092902267 | I49: <0,01 | J49: <0,01 | K49: <0,01 | L49: 0.30267559 | M49: 0.14864363 | N49: 0.02787068 | O49: 0.26012635 | P49: 5.0538833 | Q49: 11.46414 | R49: 0.02130249 | S49: <0,01 | T49: 0.24154589 | U49: 0.027331847 | V49: 124.58194 | W49: <0,01 | X49: <0,01 | Y49: 0.49238201 | Z49: 1.3842438 | AA49: 0.013415087 | AB49: 0.53883315 | AC49: <0,01 | AD49: <0,01 | AE49: 463.48941 | AF49: 0.019435154 | AG49: 18.02304 | AH49: 0.72463768 | AI49: <0,01 | AJ49: <0,01 | AK49: 9.6153846
A50: EHU ION2768-49 | B50: =RIGHT(A50, LEN(A50)-7) -> 2768-49 | C50: =VLOOKUP(B50,'CEBAS-DEWOOD code'!A$2:B$302,2,FALSE) -> 1055 | D50: =VLOOKUP(IONOMICS!C50,'Field Table'!A$2:E$661,3,FALSE) -> AA | E50: =VLOOKUP(IONOMICS!C50,'Field Table'!A$2:E$661,4,FALSE) -> 1 | F50: =VLOOKUP(IONOMICS!C50,'Field Table'!A$2:E$661,5,FALSE) -> 01 | G50: 74.751491 | H50: <0,01 | I50: <0,01 | J50: <0,01 | K50: <0,01 | L50: 0.14135189 | M50: 0.46719682 | N50: 0.0099403579 | O50: 0.21868787 | P50: 3.3300199 | Q50: 15.248509 | R50: 0.13260437 | S50: <0,01 | T50: 0.16898608 | U50: 0.024910537 | V50: 125.74553 | W50: <0,01 | X50: 0.00069284294 | Y50: 0.31809145 | Z50: 0.36779324 | AA50: 0.018568588 | AB50: 2.7534791 | AC50: <0,01 | AD50: <0,01 | AE50: 42.037773 | AF50: 0.014294235 | AG50: 7.0477137 | AH50: 0.95427435 | AI50: <0,01 | AJ50: <0,01 | AK50: 13.230616
A51: EHU ION2768-50 | B51: =RIGHT(A51, LEN(A51)-7) -> 2768-50 | C51: =VLOOKUP(B51,'CEBAS-DEWOOD code'!A$2:B$302,2,FALSE) -> 326 | D51: =VLOOKUP(IONOMICS!C51,'Field Table'!A$2:E$661,3,FALSE) -> AA | E51: =VLOOKUP(IONOMICS!C51,'Field Table'!A$2:E$661,4,FALSE) -> 4 | F51: =VLOOKUP(IONOMICS!C51,'Field Table'!A$2:E$661,5,FALSE) -> 25 | G51: 16.26195 | H51: 0.076481836 | I51: <0,01 | J51: <0,01 | K51: <0,01 | L51: 0.10783939 | M51: 0.18164436 | N51: <0,01 | O51: 0.095602294 | P51: 1.9885277 | Q51: 10.181644 | R51: 0.044311663 | S51: <0,01 | T51: 0.2581262 | U51: 0.01332696 | V51: 30.602294 | W51: <0,01 | X51: 0.0001500956 | Y51: 0.038240918 | Z51: 0.1625239 | AA51: 0.0047944551 | AB51: 1.0516252 | AC51: <0,01 | AD51: <0,01 | AE51: 27.50478 | AF51: 0.0085219885 | AG51: 6.625239 | AH51: 1.8929254 | AI51: <0,01 | AJ51: <0,01 | AK51: 6.2810707
A52: EHU ION2768-51 | B52: =RIGHT(A52, LEN(A52)-7) -> 2768-51 | C52: =VLOOKUP(B52,'CEBAS-DEWOOD code'!A$2:B$302,2,FALSE) -> 372 | D52: =VLOOKUP(IONOMICS!C52,'Field Table'!A$2:E$661,3,FALSE) -> FS | E52: =VLOOKUP(IONOMICS!C52,'Field Table'!A$2:E$661,4,FALSE) -> 1 | F52: =VLOOKUP(IONOMICS!C52,'Field Table'!A$2:E$661,5,FALSE) -> 10 | G52: 7.3703446 | H52: 0.017403411 | I52: <0,01 | J52: <0,01 | K52: <0,01 | L52: 0.078489384 | M52: 0.095718761 | N52: 0.034806822 | O52: 0.13052558 | P52: 1.1486251 | Q52: 24.791159 | R52: 0.070379394 | S52: <0,01 | T52: 0.17403411 | U52: 0.026757745 | V52: 55.734424 | W52: <0,01 | X52: 7.7445179e-05 | Y52: 0.87887226 | Z52: 0.12182388 | AA52: 0.0048842673 | AB52: 2.392969 | AC52: <0,01 | AD52: <0,01 | AE52: 15.3063 | AF52: 0.0071971806 | AG52: 7.1005917 | AH52: 2.6627219 | AI52: <0,01 | AJ52: <0,01 | AK52: 2.24504
A53: EHU ION2768-52 | B53: =RIGHT(A53, LEN(A53)-7) -> 2768-52 | C53: =VLOOKUP(B53,'CEBAS-DEWOOD code'!A$2:B$302,2,FALSE) -> 1032 | D53: =VLOOKUP(IONOMICS!C53,'Field Table'!A$2:E$661,3,FALSE) -> AA | E53: =VLOOKUP(IONOMICS!C53,'Field Table'!A$2:E$661,4,FALSE) -> 2 | F53: =VLOOKUP(IONOMICS!C53,'Field Table'!A$2:E$661,5,FALSE) -> 01 | G53: 48.180991 | H53: <0,01 | I53: <0,01 | J53: <0,01 | K53: <0,01 | L53: 0.13892678 | M53: 0.20463847 | N53: 0.034106412 | O53: 0.37517053 | P53: 3.0695771 | Q53: 22.180537 | R53: 0.040757162 | S53: <0,01 | T53: 0.15916326 | U53: 0.020259209 | V53: 68.042292 | W53: <0,01 | X53: 0.001235789 | Y53: 0.54570259 | Z53: 0.15916326 | AA53: 0.0081832651 | AB53: 0.79581628 | AC53: <0,01 | AD53: <0,01 | AE53: 56.161892 | AF53: 0.011448386 | AG53: 5.8435653 | AH53: 1.6712142 | AI53: <0,01 | AJ53: <0,01 | AK53: 9.1291496
A54: EHU ION2768-53 | B54: =RIGHT(A54, LEN(A54)-7) -> 2768-53 | C54: =VLOOKUP(B54,'CEBAS-DEWOOD code'!A$2:B$302,2,FALSE) -> 1051 | D54: =VLOOKUP(IONOMICS!C54,'Field Table'!A$2:E$661,3,FALSE) -> AA | E54: =VLOOKUP(IONOMICS!C54,'Field Table'!A$2:E$661,4,FALSE) -> 4 | F54: =VLOOKUP(IONOMICS!C54,'Field Table'!A$2:E$661,5,FALSE) -> 01 | G54: 72.181252 | H54: <0,01 | I54: <0,01 | J54: <0,01 | K54: <0,01 | L54: 0.20190102 | M54: 0.36873156 | N54: <0,01 | O54: 0.44247788 | P54: 3.6545395 | Q54: 26.630613 | R54: 0.0656588 | S54: <0,01 | T54: 0.19665683 | U54: 0.032792527 | V54: 79.818092 | W54: <0,01 | X54: 0.0005907899 | Y54: 0.47525402 | Z54: 0.73746313 | AA54: 0.013266142 | AB54: 1.7617175 | AC54: <0,01 | AD54: <0,01 | AE54: 63.495575 | AF54: 0.018469354 | AG54: 9.2756473 | AH54: 1.8682399 | AI54: <0,01 | AJ54: <0,01 | AK54: 14.667322
A55: EHU ION2768-54 | B55: =RIGHT(A55, LEN(A55)-7) -> 2768-54 | C55: =VLOOKUP(B55,'CEBAS-DEWOOD code'!A$2:B$302,2,FALSE) -> 160 | D55: =VLOOKUP(IONOMICS!C55,'Field Table'!A$2:E$661,3,FALSE) -> AA | E55: =VLOOKUP(IONOMICS!C55,'Field Table'!A$2:E$661,4,FALSE) -> 4 | F55: =VLOOKUP(IONOMICS!C55,'Field Table'!A$2:E$661,5,FALSE) -> 25 | G55: 18.122977 | H55: 0.035958288 | I55: <0,01 | J55: <0,01 | K55: <0,01 | L55: 0.12666307 | M55: 0.053937433 | N55: 0.026968716 | O55: 0.026968716 | P55: 1.5282273 | Q55: 6.9129809 | R55: 0.1532722 | S55: <0,01 | T55: 0.11686444 | U55: 0.026510248 | V55: 36.299892 | W55: <0,01 | X55: 0.0057236606 | Y55: 0.3236246 | Z55: 0.13484358 | AA55: 0.0061821287 | AB55: 4.8363898 | AC55: <0,01 | AD55: <0,01 | AE55: 16.199209 | AF55: 0.012378641 | AG55: 10.517799 | AH55: 0.94390507 | AI55: <0,01 | AJ55: <0,01 | AK55: 7.0298454
A56: EHU ION2768-55 | B56: =RIGHT(A56, LEN(A56)-7) -> 2768-55 | C56: =VLOOKUP(B56,'CEBAS-DEWOOD code'!A$2:B$302,2,FALSE) -> 371 | D56: =VLOOKUP(IONOMICS!C56,'Field Table'!A$2:E$661,3,FALSE) -> AA | E56: =VLOOKUP(IONOMICS!C56,'Field Table'!A$2:E$661,4,FALSE) -> 4 | F56: =VLOOKUP(IONOMICS!C56,'Field Table'!A$2:E$661,5,FALSE) -> 10 | G56: 16.839207 | H56: 0.13215859 | I56: <0,01 | J56: <0,01 | K56: <0,01 | L56: 0.17345815 | M56: 0.67180617 | N56: <0,01 | O56: 0.18722467 | P56: 3.0066079 | Q56: 9.9008811 | R56: 0.0085176211 | S56: <0,01 | T56: 0.24229075 | U56: 0.028469163 | V56: 73.975771 | W56: <0,01 | X56: 0.00052422907 | Y56: 0.13215859 | Z56: 0.29735683 | AA56: 0.0022015419 | AB56: 0.36343612 | AC56: <0,01 | AD56: <0,01 | AE56: 16.464758 | AF56: 0.0098127753 | AG56: 11.54185 | AH56: 1.2885463 | AI56: <0,01 | AJ56: <0,01 | AK56: 10.936123
A57: EHU ION2768-56 | B57: =RIGHT(A57, LEN(A57)-7) -> 2768-56 | C57: =VLOOKUP(B57,'CEBAS-DEWOOD code'!A$2:B$302,2,FALSE) -> 6 | D57: =VLOOKUP(IONOMICS!C57,'Field Table'!A$2:E$661,3,FALSE) -> FS | E57: =VLOOKUP(IONOMICS!C57,'Field Table'!A$2:E$661,4,FALSE) -> 4 | F57: =VLOOKUP(IONOMICS!C57,'Field Table'!A$2:E$661,5,FALSE) -> 25 | G57: 3.6691542 | H57: 0.11401327 | I57: <0,01 | J57: <0,01 | K57: <0,01 | L57: 0.20791874 | M57: 0.062189055 | N57: 0.04145937 | O57: 0.22802653 | P57: 1.3992537 | Q57: 8.5924544 | R57: 0.31063433 | S57: <0,01 | T57: 0.33167496 | U57: 0.046817993 | V57: 134.74295 | W57: <0,01 | X57: 0.00044776119 | Y57: 1.2645108 | Z57: 0.24875622 | AA57: 0.0063992537 | AB57: 12.914594 | AC57: <0,01 | AD57: <0,01 | AE57: 30.182421 | AF57: 0.015018657 | AG57: 12.116501 | AH57: 0.57006633 | AI57: <0,01 | AJ57: <0,01 | AK57: 2.8399668
A58: EHU ION2768-57 | B58: =RIGHT(A58, LEN(A58)-7) -> 2768-57 | C58: =VLOOKUP(B58,'CEBAS-DEWOOD code'!A$2:B$302,2,FALSE) -> 124 | D58: =VLOOKUP(IONOMICS!C58,'Field Table'!A$2:E$661,3,FALSE) -> FS | E58: =VLOOKUP(IONOMICS!C58,'Field Table'!A$2:E$661,4,FALSE) -> 1 | F58: =VLOOKUP(IONOMICS!C58,'Field Table'!A$2:E$661,5,FALSE) -> 25 | G58: 34.180432 | H58: <0,01 | I58: <0,01 | J58: <0,01 | K58: <0,01 | L58: 0.18985599 | M58: 0.084709869 | N58: 0.031766201 | O58: 0.021177467 | P58: 1.2177044 | Q58: 14.220669 | R58: 0.092916137 | S58: <0,01 | T58: 0.29648454 | U58: 0.03252859 | V58: 64.665396 | W58: <0,01 | X58: 7.8356629e-05 | Y58: 0.88945362 | Z58: 0.54002541 | AA58: 0.0071971622 | AB58: 3.5472258 | AC58: <0,01 | AD58: <0,01 | AE58: 89.930114 | AF58: 0.016020754 | AG58: 11.827615 | AH58: 2.5624735 | AI58: <0,01 | AJ58: <0,01 | AK58: 5.7073274
A59: EHU ION2768-58 | B59: =RIGHT(A59, LEN(A59)-7) -> 2768-58 | C59: =VLOOKUP(B59,'CEBAS-DEWOOD code'!A$2:B$302,2,FALSE) -> 365 | D59: =VLOOKUP(IONOMICS!C59,'Field Table'!A$2:E$661,3,FALSE) -> FS | E59: =VLOOKUP(IONOMICS!C59,'Field Table'!A$2:E$661,4,FALSE) -> 4 | F59: =VLOOKUP(IONOMICS!C59,'Field Table'!A$2:E$661,5,FALSE) -> 25 | G59: 14.432395 | H59: 0.011536687 | I59: <0,01 | J59: <0,01 | K59: <0,01 | L59: 0.43412552 | M59: 0.20766036 | N59: 0.44993078 | O59: 0.53068759 | P59: 1.7420397 | Q59: 132.09506 | R59: 0.065839871 | S59: <0,01 | T59: 0.38071066 | U59: 0.1371712 | V59: 326.9497 | W59: <0,01 | X59: 0.0014905399 | Y59: 1.5805261 | Z59: 0.23073373 | AA59: 0.0018724042 | AB59: 2.3419474 | AC59: <0,01 | AD59: <0,01 | AE59: 50.680665 | AF59: 0.025080757 | AG59: 29.672358 | AH59: 1.2805722 | AI59: 14.963083 | AJ59: <0,01 | AK59: 4.8569451
A60: EHU ION2768-59 | B60: =RIGHT(A60, LEN(A60)-7) -> 2768-59 | C60: =VLOOKUP(B60,'CEBAS-DEWOOD code'!A$2:B$302,2,FALSE) -> 175 | D60: =VLOOKUP(IONOMICS!C60,'Field Table'!A$2:E$661,3,FALSE) -> FS | E60: =VLOOKUP(IONOMICS!C60,'Field Table'!A$2:E$661,4,FALSE) -> 4 | F60: =VLOOKUP(IONOMICS!C60,'Field Table'!A$2:E$661,5,FALSE) -> 25 | G60: 5.969888 | H60: <0,01 | I60: <0,01 | J60: <0,01 | K60: <0,01 | L60: 0.21314776 | M60: 0.13130252 | N60: 0.052521008 | O60: 0.078781513 | P60: 1.4968487 | Q60: 9.8739496 | R60: 0.032808123 | S60: <0,01 | T60: 0.17507003 | U60: 0.11922269 | V60: 63.559174 | W60: <0,01 | X60: 0.00039565826 | Y60: 0.56897759 | Z60: 0.10504202 | AA60: 0.01109944 | AB60: 0.82282913 | AC60: <0,01 | AD60: <0,01 | AE60: 19.765406 | AF60: 0.012981443 | AG60: 15.152311 | AH60: 1.1292017 | AI60: 10.302871 | AJ60: <0,01 | AK60: 3.6151961
A61: EHU ION2768-60 | B61: =RIGHT(A61, LEN(A61)-7) -> 2768-60 | C61: =VLOOKUP(B61,'CEBAS-DEWOOD code'!A$2:B$302,2,FALSE) -> 116 | D61: =VLOOKUP(IONOMICS!C61,'Field Table'!A$2:E$661,3,FALSE) -> AA | E61: =VLOOKUP(IONOMICS!C61,'Field Table'!A$2:E$661,4,FALSE) -> 2 | F61: =VLOOKUP(IONOMICS!C61,'Field Table'!A$2:E$661,5,FALSE) -> 10 | G61: 16.998328 | H61: 0.033444816 | I61: <0,01 | J61: <0,01 | K61: <0,01 | L61: 0.055794314 | M61: 0.08361204 | N61: <0,01 | O61: 0.066889632 | P61: 0.88628763 | Q61: 2.9849498 | R61: 0.093561873 | S61: <0,01 | T61: 0.17558528 | U61: 0.015886288 | V61: 30.409699 | W61: <0,01 | X61: <0,01 | Y61: 0.12541806 | Z61: 0.4180602 | AA61: 0.0013712375 | AB61: 1.6053512 | AC61: <0,01 | AD61: <0,01 | AE61: 90.384615 | AF61: 0.0047700669 | AG61: 3.1605351 | AH61: 1.8478261 | AI61: <0,01 | AJ61: <0,01 | AK61: 3.0183946
A62: EHU ION2768-61 | B62: =RIGHT(A62, LEN(A62)-7) -> 2768-61 | C62: =VLOOKUP(B62,'CEBAS-DEWOOD code'!A$2:B$302,2,FALSE) -> 122 | D62: =VLOOKUP(IONOMICS!C62,'Field Table'!A$2:E$661,3,FALSE) -> AA | E62: =VLOOKUP(IONOMICS!C62,'Field Table'!A$2:E$661,4,FALSE) -> 2 | F62: =VLOOKUP(IONOMICS!C62,'Field Table'!A$2:E$661,5,FALSE) -> 25 | G62: 7.23589 | H62: 0.1447178 | I62: <0,01 | J62: <0,01 | K62: <0,01 | L62: 0.054739508 | M62: 0.048239267 | N62: <0,01 | O62: 0.096478534 | P62: 1.0733237 | Q62: 3.4249879 | R62: 0.1382055 | S62: <0,01 | T62: 0.33767487 | U62: 0.012252774 | V62: 20.164014 | W62: <0,01 | X62: <0,01 | Y62: 0.1447178 | Z62: 0.10853835 | AA62: 0.00075735649 | AB62: 2.6893391 | AC62: <0,01 | AD62: <0,01 | AE62: 22.202123 | AF62: 0.0051700434 | AG62: 3.4973468 | AH62: 0.73564882 | AI62: <0,01 | AJ62: <0,01 | AK62: 2.9787747
A63: EHU ION2768-62 | B63: =RIGHT(A63, LEN(A63)-7) -> 2768-62 | C63: =VLOOKUP(B63,'CEBAS-DEWOOD code'!A$2:B$302,2,FALSE) -> 3 | D63: =VLOOKUP(IONOMICS!C63,'Field Table'!A$2:E$661,3,FALSE) -> AA | E63: =VLOOKUP(IONOMICS!C63,'Field Table'!A$2:E$661,4,FALSE) -> 4 | F63: =VLOOKUP(IONOMICS!C63,'Field Table'!A$2:E$661,5,FALSE) -> 25 | G63: 13.565466 | H63: 0.021968366 | I63: <0,01 | J63: <0,01 | K63: <0,01 | L63: 0.080338313 | M63: 0.12082601 | N63: <0,01 | O63: 0.23066784 | P63: 1.5487698 | Q63: 6.2060633 | R63: 0.058919156 | S63: <0,01 | T63: 0.13181019 | U63: 0.015795255 | V63: 38.170035 | W63: <0,01 | X63: 0.00011862917 | Y63: <0,01 | Z63: 0.21968366 | AA63: 0.0013598418 | AB63: 1.7464851 | AC63: <0,01 | AD63: <0,01 | AE63: 10.138401 | AF63: 0.0075834798 | AG63: 4.3497364 | AH63: 1.9442004 | AI63: <0,01 | AJ63: <0,01 | AK63: 4.4815466
A64: EHU ION2768-63 | B64: =RIGHT(A64, LEN(A64)-7) -> 2768-63 | C64: =VLOOKUP(B64,'CEBAS-DEWOOD code'!A$2:B$302,2,FALSE) -> 125 | D64: =VLOOKUP(IONOMICS!C64,'Field Table'!A$2:E$661,3,FALSE) -> FS | E64: =VLOOKUP(IONOMICS!C64,'Field Table'!A$2:E$661,4,FALSE) -> 2 | F64: =VLOOKUP(IONOMICS!C64,'Field Table'!A$2:E$661,5,FALSE) -> 25 | G64: 7.7251023 | H64: <0,01 | I64: <0,01 | J64: <0,01 | K64: <0,01 | L64: 1.0905525 | M64: 0.11937244 | N64: 0.059686221 | O64: 0.11937244 | P64: 1.3983629 | Q64: 15.61221 | R64: 0.23081514 | S64: <0,01 | T64: 0.37517053 | U64: 0.10231924 | V64: 90.040928 | W64: <0,01 | X64: <0,01 | Y64: 0.92087312 | Z64: 0.11084584 | AA64: 0.0095924284 | AB64: 8.9358799 | AC64: <0,01 | AD64: <0,01 | AE64: 15.322306 | AF64: 0.021256821 | AG64: 41.891201 | AH64: 0.15347885 | AI64: 8.7141883 | AJ64: <0,01 | AK64: 4.9539563
A65: EHU ION2768-64 | B65: =RIGHT(A65, LEN(A65)-7) -> 2768-64 | C65: =VLOOKUP(B65,'CEBAS-DEWOOD code'!A$2:B$302,2,FALSE) -> 119 | D65: =VLOOKUP(IONOMICS!C65,'Field Table'!A$2:E$661,3,FALSE) -> FS | E65: =VLOOKUP(IONOMICS!C65,'Field Table'!A$2:E$661,4,FALSE) -> 2 | F65: =VLOOKUP(IONOMICS!C65,'Field Table'!A$2:E$661,5,FALSE) -> 10 | G65: 5.9903047 | H65: <0,01 | I65: <0,01 | J65: <0,01 | K65: <0,01 | L65: 0.12811634 | M65: 0.077908587 | N65: 0.069252078 | O65: 0.12119114 | P65: 1.1599723 | Q65: 3.3587258 | R65: 0.11080332 | S65: <0,01 | T65: 0.19044321 | U65: 0.048917936 | V65: 89.248615 | W65: <0,01 | X65: 0.00024497922 | Y65: 2.0775623 | Z65: 0.086565097 | AA65: 0.0076030125 | AB65: 2.2853186 | AC65: <0,01 | AD65: <0,01 | AE65: 101.28116 | AF65: 0.011971953 | AG65: 11.469875 | AH65: 1.8092105 | AI65: <0,01 | AJ65: <0,01 | AK65: 1.8698061
A66: EHU ION2768-65 | B66: =RIGHT(A66, LEN(A66)-7) -> 2768-65 | C66: =VLOOKUP(B66,'CEBAS-DEWOOD code'!A$2:B$302,2,FALSE) -> 360 | D66: =VLOOKUP(IONOMICS!C66,'Field Table'!A$2:E$661,3,FALSE) -> AA | E66: =VLOOKUP(IONOMICS!C66,'Field Table'!A$2:E$661,4,FALSE) -> 1 | F66: =VLOOKUP(IONOMICS!C66,'Field Table'!A$2:E$661,5,FALSE) -> 25 | G66: 7.8384111 | H66: 0.038565368 | I66: <0,01 | J66: <0,01 | K66: <0,01 | L66: 0.069976861 | M66: 0.13497879 | N66: <0,01 | O66: 0.12533745 | P66: 1.1955264 | Q66: 3.8565368 | R66: 0.1573467 | S66: <0,01 | T66: 0.17354416 | U66: 0.015686464 | V66: 31.758581 | W66: <0,01 | X66: <0,01 | Y66: 0.067489395 | Z66: 0.057848052 | AA66: 0.0014789819 | AB66: 3.0659468 | AC66: <0,01 | AD66: <0,01 | AE66: 15.94678 | AF66: 0.0058850752 | AG66: 4.7146163 | AH66: 0.31816429 | AI66: <0,01 | AJ66: <0,01 | AK66: 3.9240262
A67: EHU ION2768-66 | B67: =RIGHT(A67, LEN(A67)-7) -> 2768-66 | C67: =VLOOKUP(B67,'CEBAS-DEWOOD code'!A$2:B$302,2,FALSE) -> 1052 | D67: =VLOOKUP(IONOMICS!C67,'Field Table'!A$2:E$661,3,FALSE) -> FS | E67: =VLOOKUP(IONOMICS!C67,'Field Table'!A$2:E$661,4,FALSE) -> 1 | F67: =VLOOKUP(IONOMICS!C67,'Field Table'!A$2:E$661,5,FALSE) -> 01 | G67: 7.9982706 | H67: 0.021616948 | I67: <0,01 | J67: <0,01 | K67: <0,01 | L67: 0.20881971 | M67: 0.064850843 | N67: 0.010808474 | O67: 0.075659317 | P67: 2.9074795 | Q67: 6.6255945 | R67: 0.13283614 | S67: <0,01 | T67: 0.15131863 | U67: 0.022622136 | V67: 99.189364 | W67: <0,01 | X67: <0,01 | Y67: 0.4539559 | Z67: 0.59446606 | AA67: 0.030587981 | AB67: 3.2425422 | AC67: <0,01 | AD67: <0,01 | AE67: 329.44228 | AF67: 0.017769131 | AG67: 11.997406 | AH67: 0.34587116 | AI67: <0,01 | AJ67: <0,01 | AK67: 5.0475573
A68: EHU ION2768-67 | B68: =RIGHT(A68, LEN(A68)-7) -> 2768-67 | C68: =VLOOKUP(B68,'CEBAS-DEWOOD code'!A$2:B$302,2,FALSE) -> 338 | D68: =VLOOKUP(IONOMICS!C68,'Field Table'!A$2:E$661,3,FALSE) -> FS | E68: =VLOOKUP(IONOMICS!C68,'Field Table'!A$2:E$661,4,FALSE) -> 2 | F68: =VLOOKUP(IONOMICS!C68,'Field Table'!A$2:E$661,5,FALSE) -> 10 | G68: 5.6802565 | H68: 0.080164911 | I68: <0,01 | J68: <0,01 | K68: <0,01 | L68: 0.10606963 | M68: 0.10306917 | N68: 0.01145213 | O68: 0.068712781 | P68: 3.9051764 | Q68: 23.419606 | R68: 0.056619331 | S68: <0,01 | T68: 0.12597343 | U68: 0.075618415 | V68: 46.312414 | W68: <0,01 | X68: 0.0024129638 | Y68: 0.81310124 | Z68: 0.27485112 | AA68: 0.0056138342 | AB68: 2.0842877 | AC68: <0,01 | AD68: <0,01 | AE68: 22.297297 | AF68: 0.010360742 | AG68: 9.1158956 | AH68: 0.4580852 | AI68: <0,01 | AJ68: <0,01 | AK68: 2.3591388
A69: EHU ION2768-68 | B69: =RIGHT(A69, LEN(A69)-7) -> 2768-68 | C69: =VLOOKUP(B69,'CEBAS-DEWOOD code'!A$2:B$302,2,FALSE) -> 347 | D69: =VLOOKUP(IONOMICS!C69,'Field Table'!A$2:E$661,3,FALSE) -> FS | E69: =VLOOKUP(IONOMICS!C69,'Field Table'!A$2:E$661,4,FALSE) -> 4 | F69: =VLOOKUP(IONOMICS!C69,'Field Table'!A$2:E$661,5,FALSE) -> 25 | G69: 104.54702 | H69: 0.017223562 | I69: <0,01 | J69: <0,01 | K69: <0,01 | L69: 0.32371684 | M69: 0.34447124 | N69: 0.0086117809 | O69: 0.3616948 | P69: 3.5308302 | Q69: 79.262832 | R69: 0.059834654 | S69: <0,01 | T69: 0.18945918 | U69: 0.11849811 | V69: 282.29418 | W69: <0,01 | X69: 0.0035187737 | Y69: 0.71477782 | Z69: 1.0420255 | AA69: 0.020857733 | AB69: 1.7998622 | AC69: <0,01 | AD69: <0,01 | AE69: 170.16879 | AF69: 0.029503961 | AG69: 22.209783 | AH69: 5.1842921 | AI69: 13.158801 | AJ69: 0.051670685 | AK69: 5.9851877
A70: EHU ION2768-69 | B70: =RIGHT(A70, LEN(A70)-7) -> 2768-69 | C70: =VLOOKUP(B70,'CEBAS-DEWOOD code'!A$2:B$302,2,FALSE) -> 182 | D70: =VLOOKUP(IONOMICS!C70,'Field Table'!A$2:E$661,3,FALSE) -> AA | E70: =VLOOKUP(IONOMICS!C70,'Field Table'!A$2:E$661,4,FALSE) -> 1 | F70: =VLOOKUP(IONOMICS!C70,'Field Table'!A$2:E$661,5,FALSE) -> 25 | G70: 6.1709374 | H70: <0,01 | I70: <0,01 | J70: <0,01 | K70: <0,01 | L70: 0.062917613 | M70: 0.048653909 | N70: <0,01 | O70: 0.040544924 | P70: 0.72980863 | Q70: 2.7732728 | R70: 0.078567953 | S70: <0,01 | T70: 0.12163477 | U70: 0.01629095 | V70: 21.034706 | W70: <0,01 | X70: 9.2442426e-05 | Y70: <0,01 | Z70: 0.34868634 | AA70: 0.0010736296 | AB70: 1.3460915 | AC70: <0,01 | AD70: <0,01 | AE70: 7.5656828 | AF70: 0.0052675965 | AG70: 4.4518326 | AH70: 0.36490431 | AI70: <0,01 | AJ70: <0,01 | AK70: 2.3597146
A71: EHU ION2768-71 | B71: =RIGHT(A71, LEN(A71)-7) -> 2768-71 | C71: =VLOOKUP(B71,'CEBAS-DEWOOD code'!A$2:B$302,2,FALSE) -> 142 | D71: =VLOOKUP(IONOMICS!C71,'Field Table'!A$2:E$661,3,FALSE) -> AA | E71: =VLOOKUP(IONOMICS!C71,'Field Table'!A$2:E$661,4,FALSE) -> 4 | F71: =VLOOKUP(IONOMICS!C71,'Field Table'!A$2:E$661,5,FALSE) -> 10 | G71: 26.046283 | H71: 0.098473658 | I71: <0,01 | J71: <0,01 | K71: <0,01 | L71: 0.14327917 | M71: 0.3323486 | N71: <0,01 | O71: 0.25849335 | P71: 2.080256 | Q71: 12.961595 | R71: 0.087986214 | S71: <0,01 | T71: 0.19694732 | U71: 0.025356967 | V71: 50.283112 | W71: <0,01 | X71: 0.0041962088 | Y71: 0.24618415 | Z71: 0.25849335 | AA71: 0.004953225 | AB71: 1.9694732 | AC71: <0,01 | AD71: <0,01 | AE71: 31.05613 | AF71: 0.011723289 | AG71: 7.9025111 | AH71: 0.99704579 | AI71: <0,01 | AJ71: <0,01 | AK71: 6.3023141
A72: EHU ION2768-72 | B72: =RIGHT(A72, LEN(A72)-7) -> 2768-72 | C72: =VLOOKUP(B72,'CEBAS-DEWOOD code'!A$2:B$302,2,FALSE) -> 1028 | D72: =VLOOKUP(IONOMICS!C72,'Field Table'!A$2:E$661,3,FALSE) -> FS | E72: =VLOOKUP(IONOMICS!C72,'Field Table'!A$2:E$661,4,FALSE) -> 1 | F72: =VLOOKUP(IONOMICS!C72,'Field Table'!A$2:E$661,5,FALSE) -> 01 | G72: 12.544326 | H72: 0.12411348 | I72: <0,01 | J72: <0,01 | K72: <0,01 | L72: 0.23714539 | M72: 0.09751773 | N72: 0.035460993 | O72: 0.070921986 | P72: 2.4202128 | Q72: 8.8031915 | R72: 0.10824468 | S72: <0,01 | T72: 0.18617021 | U72: 0.020567376 | V72: 94.592199 | W72: <0,01 | X72: 0.00034663121 | Y72: 0.93085106 | Z72: 0.69148936 | AA72: 0.018874113 | AB72: 2.7925532 | AC72: <0,01 | AD72: <0,01 | AE72: 521.54255 | AF72: 0.017925532 | AG72: 16.099291 | AH72: 0.54078014 | AI72: <0,01 | AJ72: <0,01 | AK72: 6.25
A73: EHU ION2768-73 | B73: =RIGHT(A73, LEN(A73)-7) -> 2768-73 | C73: =VLOOKUP(B73,'CEBAS-DEWOOD code'!A$2:B$302,2,FALSE) -> 341 | D73: =VLOOKUP(IONOMICS!C73,'Field Table'!A$2:E$661,3,FALSE) -> FS | E73: =VLOOKUP(IONOMICS!C73,'Field Table'!A$2:E$661,4,FALSE) -> 4 | F73: =VLOOKUP(IONOMICS!C73,'Field Table'!A$2:E$661,5,FALSE) -> 10 | G73: 3.4046214 | H73: 0.086037365 | I73: <0,01 | J73: <0,01 | K73: <0,01 | L73: 0.24139626 | M73: 0.12291052 | N73: 0.024582104 | O73: 0.13520157 | P73: 1.8190757 | Q73: 7.780236 | R73: 0.1530236 | S73: <0,01 | T73: 0.29498525 | U73: 0.059095379 | V73: 168.75615 | W73: <0,01 | X73: 0.00048918387 | Y73: 1.0201573 | Z73: 0.19665683 | AA73: 0.0092809735 | AB73: 5.5063913 | AC73: <0,01 | AD73: <0,01 | AE73: 18.190757 | AF73: 0.015929204 | AG73: 15.744838 | AH73: 0.33185841 | AI73: <0,01 | AJ73: <0,01 | AK73: 2.6917404
A74: EHU ION2768-74 | B74: =RIGHT(A74, LEN(A74)-7) -> 2768-74 | C74: =VLOOKUP(B74,'CEBAS-DEWOOD code'!A$2:B$302,2,FALSE) -> 121 | D74: =VLOOKUP(IONOMICS!C74,'Field Table'!A$2:E$661,3,FALSE) -> AA | E74: =VLOOKUP(IONOMICS!C74,'Field Table'!A$2:E$661,4,FALSE) -> 1 | F74: =VLOOKUP(IONOMICS!C74,'Field Table'!A$2:E$661,5,FALSE) -> 25 | G74: 7.1827905 | H74: <0,01 | I74: <0,01 | J74: <0,01 | K74: <0,01 | L74: 0.066346621 | M74: 0.036460865 | N74: 0.036460865 | O74: 0.15799708 | P74: 0.81429266 | Q74: 3.5853184 | R74: 0.19883325 | S74: <0,01 | T74: 0.32814779 | U74: 0.018740885 | V74: 25.935829 | W74: <0,01 | X74: <0,01 | Y74: 0.18230433 | Z74: 0.21876519 | AA74: 0.0016771998 | AB74: 4.4846864 | AC74: <0,01 | AD74: <0,01 | AE74: 20.077783 | AF74: 0.0054618376 | AG74: 3.9985416 | AH74: 0.60768109 | AI74: <0,01 | AJ74: <0,01 | AK74: 3.9134662
A75: EHU ION2768-75 | B75: =RIGHT(A75, LEN(A75)-7) -> 2768-75 | C75: =VLOOKUP(B75,'CEBAS-DEWOOD code'!A$2:B$302,2,FALSE) -> 354 | D75: =VLOOKUP(IONOMICS!C75,'Field Table'!A$2:E$661,3,FALSE) -> FS | E75: =VLOOKUP(IONOMICS!C75,'Field Table'!A$2:E$661,4,FALSE) -> 1 | F75: =VLOOKUP(IONOMICS!C75,'Field Table'!A$2:E$661,5,FALSE) -> 10 | G75: 1.780914 | H75: 0.022401434 | I75: <0,01 | J75: <0,01 | K75: <0,01 | L75: 0.085842294 | M75: 0.067204301 | N75: <0,01 | O75: <0,01 | P75: 1.1424731 | Q75: 8.3893369 | R75: 0.066465054 | S75: <0,01 | T75: 0.14560932 | U75: 0.025795251 | V75: 54.054659 | W75: <0,01 | X75: 0.00012096774 | Y75: 0.87365591 | Z75: 0.17921147 | AA75: 0.0042865143 | AB75: 2.2513441 | AC75: <0,01 | AD75: <0,01 | AE75: 16.353047 | AF75: 0.0069612455 | AG75: 6.2051971 | AH75: 0.59363799 | AI75: <0,01 | AJ75: <0,01 | AK75: 1.6801075
A76: EHU ION2768-76 | B76: =RIGHT(A76, LEN(A76)-7) -> 2768-76 | C76: =VLOOKUP(B76,'CEBAS-DEWOOD code'!A$2:B$302,2,FALSE) -> 1039 | D76: =VLOOKUP(IONOMICS!C76,'Field Table'!A$2:E$661,3,FALSE) -> AA | E76: =VLOOKUP(IONOMICS!C76,'Field Table'!A$2:E$661,4,FALSE) -> 4 | F76: =VLOOKUP(IONOMICS!C76,'Field Table'!A$2:E$661,5,FALSE) -> 01 | G76: 96.79428 | H76: 0.28828413 | I76: <0,01 | J76: <0,01 | K76: <0,01 | L76: 0.30811808 | M76: 0.69188192 | N76: <0,01 | O76: 0.27675277 | P76: 3.5862546 | Q76: 52.652214 | R76: 0.011750461 | S76: <0,01 | T76: 0.11531365 | U76: 0.018173432 | V76: 105.881 | W76: <0,01 | X76: 0.00039898524 | Y76: 0.36900369 | Z76: 5.0392066 | AA76: 0.0075369004 | AB76: 0.48431734 | AC76: <0,01 | AD76: <0,01 | AE76: 109.22509 | AF76: 0.019695572 | AG76: 15.106089 | AH76: 3.0212177 | AI76: <0,01 | AJ76: <0,01 | AK76: 23.639299
A77: EHU ION2768-77 | B77: =RIGHT(A77, LEN(A77)-7) -> 2768-77 | C77: =VLOOKUP(B77,'CEBAS-DEWOOD code'!A$2:B$302,2,FALSE) -> 1056 | D77: =VLOOKUP(IONOMICS!C77,'Field Table'!A$2:E$661,3,FALSE) -> AA | E77: =VLOOKUP(IONOMICS!C77,'Field Table'!A$2:E$661,4,FALSE) -> 2 | F77: =VLOOKUP(IONOMICS!C77,'Field Table'!A$2:E$661,5,FALSE) -> 01 | G77: 44.536164 | H77: 0.068789308 | I77: <0,01 | J77: <0,01 | K77: <0,01 | L77: 0.17413522 | M77: 0.23584906 | N77: 0.009827044 | O77: 2.2012579 | P77: 2.682783 | Q77: 28.714623 | R77: 0.070135613 | S77: <0,01 | T77: 0.26533019 | U77: 0.01778695 | V77: 72.651336 | W77: <0,01 | X77: 0.00022897013 | Y77: 0.41273585 | Z77: 0.5797956 | AA77: 0.012244497 | AB77: 1.1792453 | AC77: <0,01 | AD77: <0,01 | AE77: 53.488601 | AF77: 0.012853774 | AG77: 7.822327 | AH77: 1.4150943 | AI77: <0,01 | AJ77: <0,01 | AK77: 11.930031
A78: EHU ION2768-78 | B78: =RIGHT(A78, LEN(A78)-7) -> 2768-78 | C78: =VLOOKUP(B78,'CEBAS-DEWOOD code'!A$2:B$302,2,FALSE) -> 118 | D78: =VLOOKUP(IONOMICS!C78,'Field Table'!A$2:E$661,3,FALSE) -> FS | E78: =VLOOKUP(IONOMICS!C78,'Field Table'!A$2:E$661,4,FALSE) -> 1 | F78: =VLOOKUP(IONOMICS!C78,'Field Table'!A$2:E$661,5,FALSE) -> 10 | G78: 3.8124452 | H78: 0.17528484 | I78: <0,01 | J78: <0,01 | K78: <0,01 | L78: 0.056299299 | M78: 0.065731814 | N78: 0.032865907 | O78: <0,01 | P78: 10.780018 | Q78: 1.7857143 | R78: 0.079371166 | S78: <0,01 | T78: 0.36152498 | U78: 0.03059816 | V78: 27.651183 | W78: <0,01 | X78: <0,01 | Y78: 0.31770377 | Z78: 0.087642419 | AA78: 0.0083840929 | AB78: 2.3663453 | AC78: <0,01 | AD78: <0,01 | AE78: 28.648116 | AF78: 0.0099517967 | AG78: 4.1739702 | AH78: 0.098597721 | AI78: <0,01 | AJ78: <0,01 | AK78: 7.0771253
A79: EHU ION2768-79 | B79: =RIGHT(A79, LEN(A79)-7) -> 2768-79 | C79: =VLOOKUP(B79,'CEBAS-DEWOOD code'!A$2:B$302,2,FALSE) -> 1002 | D79: =VLOOKUP(IONOMICS!C79,'Field Table'!A$2:E$661,3,FALSE) -> AA | E79: =VLOOKUP(IONOMICS!C79,'Field Table'!A$2:E$661,4,FALSE) -> 2 | F79: =VLOOKUP(IONOMICS!C79,'Field Table'!A$2:E$661,5,FALSE) -> 01 | G79: 62.782082 | H79: 0.0084203436 | I79: <0,01 | J79: <0,01 | K79: <0,01 | L79: 0.1396935 | M79: 0.44627821 | N79: <0,01 | O79: 0.22734928 | P79: 3.1828899 | Q79: 14.971371 | R79: 0.1053385 | S79: <0,01 | T79: 0.3283934 | U79: 0.02280229 | V79: 118.89525 | W79: <0,01 | X79: 0.00022734928 | Y79: 0.16840687 | Z79: 0.21892893 | AA79: 0.013826204 | AB79: 2.3997979 | AC79: <0,01 | AD79: <0,01 | AE79: 32.59515 | AF79: 0.012116874 | AG79: 6.7531155 | AH79: 0.89255642 | AI79: <0,01 | AJ79: <0,01 | AK79: 13.110475
A80: EHU ION2768-80 | B80: =RIGHT(A80, LEN(A80)-7) -> 2768-80 | C80: =VLOOKUP(B80,'CEBAS-DEWOOD code'!A$2:B$302,2,FALSE) -> 398 | D80: =VLOOKUP(IONOMICS!C80,'Field Table'!A$2:E$661,3,FALSE) -> AA | E80: =VLOOKUP(IONOMICS!C80,'Field Table'!A$2:E$661,4,FALSE) -> 4 | F80: =VLOOKUP(IONOMICS!C80,'Field Table'!A$2:E$661,5,FALSE) -> 25 | G80: 34.329633 | H80: 0.2028181 | I80: <0,01 | J80: <0,01 | K80: <0,01 | L80: 0.098217336 | M80: 0.34158839 | N80: <0,01 | O80: 0.11742101 | P80: 2.8928266 | Q80: 22.171221 | R80: 0.043509821 | S80: <0,01 | T80: 0.19214347 | U80: 0.01072801 | V80: 43.424424 | W80: <0,01 | X80: 0.0020858241 | Y80: 0.22416738 | Z80: 0.3736123 | AA80: 0.0068808711 | AB80: 1.1742101 | AC80: <0,01 | AD80: <0,01 | AE80: 35.333049 | AF80: 0.012948335 | AG80: 4.8569599 | AH80: 0.59777968 | AI80: <0,01 | AJ80: <0,01 | AK80: 30.166524
A81: EHU ION2768-81 | B81: =RIGHT(A81, LEN(A81)-7) -> 2768-81 | C81: =VLOOKUP(B81,'CEBAS-DEWOOD code'!A$2:B$302,2,FALSE) -> 34 | D81: =VLOOKUP(IONOMICS!C81,'Field Table'!A$2:E$661,3,FALSE) -> AA | E81: =VLOOKUP(IONOMICS!C81,'Field Table'!A$2:E$661,4,FALSE) -> 4 | F81: =VLOOKUP(IONOMICS!C81,'Field Table'!A$2:E$661,5,FALSE) -> 01 | G81: 7.4475212 | H81: 0.078159893 | I81: <0,01 | J81: <0,01 | K81: <0,01 | L81: 0.052903082 | M81: 0.12282269 | N81: <0,01 | O81: 0.21214828 | P81: 2.1438142 | Q81: 3.8410004 | R81: 0.090330505 | S81: <0,01 | T81: 0.25681108 | U81: 0.011924967 | V81: 37.338097 | W81: <0,01 | X81: 0.00042764627 | Y81: 0.26797678 | Z81: 0.26797678 | AA81: 0.0017373828 | AB81: 1.4738723 | AC81: <0,01 | AD81: <0,01 | AE81: 6.3644484 | AF81: 0.005719071 | AG81: 3.2380527 | AH81: 0.51362215 | AI81: <0,01 | AJ81: <0,01 | AK81: 4.8905762
A82: EHU ION2768-82 | B82: =RIGHT(A82, LEN(A82)-7) -> 2768-82 | C82: =VLOOKUP(B82,'CEBAS-DEWOOD code'!A$2:B$302,2,FALSE) -> 358 | D82: =VLOOKUP(IONOMICS!C82,'Field Table'!A$2:E$661,3,FALSE) -> FS | E82: =VLOOKUP(IONOMICS!C82,'Field Table'!A$2:E$661,4,FALSE) -> 4 | F82: =VLOOKUP(IONOMICS!C82,'Field Table'!A$2:E$661,5,FALSE) -> 10 | G82: 26.152707 | H82: 0.074027073 | I82: <0,01 | J82: <0,01 | K82: <0,01 | L82: 0.25412437 | M82: 0.10575296 | N82: <0,01 | O82: 0.14805415 | P82: 1.9247039 | Q82: 17.829949 | R82: 0.012796108 | S82: <0,01 | T82: 0.13747885 | U82: 0.037034687 | V82: 111.25212 | W82: <0,01 | X82: 0.0010067682 | Y82: 0.58164129 | Z82: 0.51818951 | AA82: 0.0075465313 | AB82: 0.41243655 | AC82: <0,01 | AD82: <0,01 | AE82: 78.405245 | AF82: 0.018876904 | AG82: 17.861675 | AH82: 1.4911168 | AI82: <0,01 | AJ82: <0,01 | AK82: 3.7225042
A83: EHU ION2768-83 | B83: =RIGHT(A83, LEN(A83)-7) -> 2768-83 | C83: =VLOOKUP(B83,'CEBAS-DEWOOD code'!A$2:B$302,2,FALSE) -> 708 | D83: =VLOOKUP(IONOMICS!C83,'Field Table'!A$2:E$661,3,FALSE) -> #N/A | E83: =VLOOKUP(IONOMICS!C83,'Field Table'!A$2:E$661,4,FALSE) -> #N/A | F83: =VLOOKUP(IONOMICS!C83,'Field Table'!A$2:E$661,5,FALSE) -> #N/A | G83: 6.5538392 | H83: 0.14766015 | I83: <0,01 | J83: <0,01 | K83: <0,01 | L83: 0.063187188 | M83: 0.26124489 | N83: <0,01 | O83: 0.045433894 | P83: 1.294866 | Q83: 2.8509768 | R83: 0.075658791 | S83: <0,01 | T83: 0.3407542 | U83: 0.01510677 | V83: 43.52567 | W83: <0,01 | X83: 6.3607451e-05 | Y83: 0.03407542 | Z83: 0.3407542 | AA83: 0.0018832349 | AB83: 1.7492049 | AC83: <0,01 | AD83: <0,01 | AE83: 10.313494 | AF83: 0.0058700591 | AG83: 4.1912767 | AH83: 0.86324398 | AI83: <0,01 | AJ83: <0,01 | AK83: 7.2353476
A84: EHU ION2768-84 | B84: =RIGHT(A84, LEN(A84)-7) -> 2768-84 | C84: =VLOOKUP(B84,'CEBAS-DEWOOD code'!A$2:B$302,2,FALSE) -> 1060 | D84: =VLOOKUP(IONOMICS!C84,'Field Table'!A$2:E$661,3,FALSE) -> FS | E84: =VLOOKUP(IONOMICS!C84,'Field Table'!A$2:E$661,4,FALSE) -> 4 | F84: =VLOOKUP(IONOMICS!C84,'Field Table'!A$2:E$661,5,FALSE) -> 01 | G84: 12.943731 | H84: <0,01 | I84: <0,01 | J84: <0,01 | K84: <0,01 | L84: 0.20081193 | M84: 0.094410876 | N84: 0.03776435 | O84: 0.24546828 | P84: 1.9259819 | Q84: 8.9312689 | R84: 0.04765861 | S84: <0,01 | T84: 0.12273414 | U84: 0.037339502 | V84: 101.96375 | W84: <0,01 | X84: 0.00023602719 | Y84: 0.67031722 | Z84: 0.52870091 | AA84: 0.019873489 | AB84: 0.95354985 | AC84: <0,01 | AD84: <0,01 | AE84: 378.02115 | AF84: 0.017116692 | AG84: 14.180514 | AH84: 0.59478852 | AI84: <0,01 | AJ84: <0,01 | AK84: 10.139728
A85: EHU ION2768-85 | B85: =RIGHT(A85, LEN(A85)-7) -> 2768-85 | C85: =VLOOKUP(B85,'CEBAS-DEWOOD code'!A$2:B$302,2,FALSE) -> 1022 | D85: =VLOOKUP(IONOMICS!C85,'Field Table'!A$2:E$661,3,FALSE) -> FS | E85: =VLOOKUP(IONOMICS!C85,'Field Table'!A$2:E$661,4,FALSE) -> 1 | F85: =VLOOKUP(IONOMICS!C85,'Field Table'!A$2:E$661,5,FALSE) -> 01 | G85: 15.90621 | H85: 0.10561893 | I85: <0,01 | J85: <0,01 | K85: <0,01 | L85: 0.30280946 | M85: 0.095057034 | N85: 0.063371356 | O85: 0.45416139 | P85: 2.7038445 | Q85: 12.896071 | R85: 0.10487959 | S85: <0,01 | T85: 0.031685678 | U85: 0.028305872 | V85: 75.306295 | W85: <0,01 | X85: 0.00037283481 | Y85: 0.78158006 | Z85: 0.67596113 | AA85: 0.027376426 | AB85: 2.6299113 | AC85: <0,01 | AD85: <0,01 | AE85: 546.04985 | AF85: 0.021387833 | AG85: 20.268272 | AH85: 0.67596113 | AI85: <0,01 | AJ85: <0,01 | AK85: 7.2665822
A86: EHU ION2768-86 | B86: =RIGHT(A86, LEN(A86)-7) -> 2768-86 | C86: =VLOOKUP(B86,'CEBAS-DEWOOD code'!A$2:B$302,2,FALSE) -> 73 | D86: =VLOOKUP(IONOMICS!C86,'Field Table'!A$2:E$661,3,FALSE) -> AA | E86: =VLOOKUP(IONOMICS!C86,'Field Table'!A$2:E$661,4,FALSE) -> 1 | F86: =VLOOKUP(IONOMICS!C86,'Field Table'!A$2:E$661,5,FALSE) -> 25 | G86: 11.998362 | H86: 0.061425061 | I86: <0,01 | J86: <0,01 | K86: <0,01 | L86: 0.077702703 | M86: 0.051187551 | N86: 0.01023751 | O86: 0.12285012 | P86: 0.83947584 | Q86: 7.5859951 | R86: 0.16011466 | S86: <0,01 | T86: 0.28665029 | U86: 0.018703931 | V86: 32.217445 | W86: <0,01 | X86: <0,01 | Y86: <0,01 | Z86: 0.28665029 | AA86: 0.0019307944 | AB86: 3.6650287 | AC86: <0,01 | AD86: <0,01 | AE86: 12.059787 | AF86: 0.0053245291 | AG86: 4.7706798 | AH86: 1.8120393 | AI86: <0,01 | AJ86: <0,01 | AK86: 3.4295659
A87: EHU ION2768-87 | B87: =RIGHT(A87, LEN(A87)-7) -> 2768-87 | C87: =VLOOKUP(B87,'CEBAS-DEWOOD code'!A$2:B$302,2,FALSE) -> 46 | D87: =VLOOKUP(IONOMICS!C87,'Field Table'!A$2:E$661,3,FALSE) -> FS | E87: =VLOOKUP(IONOMICS!C87,'Field Table'!A$2:E$661,4,FALSE) -> 1 | F87: =VLOOKUP(IONOMICS!C87,'Field Table'!A$2:E$661,5,FALSE) -> 10 | G87: 2.8335861 | H87: <0,01 | I87: <0,01 | J87: <0,01 | K87: <0,01 | L87: 0.12670584 | M87: 0.18953753 | N87: 0.066338135 | O87: 0.047384382 | P87: 0.93821077 | Q87: 2.2460197 | R87: 0.054131918 | S87: <0,01 | T87: 0.056861259 | U87: 0.036457544 | V87: 61.988249 | W87: <0,01 | X87: <0,01 | Y87: 1.4783927 | Z87: 0.018953753 | AA87: 0.0056103108 | AB87: 2.0375284 | AC87: <0,01 | AD87: <0,01 | AE87: 6.9086429 | AF87: 0.0094863533 | AG87: 11.552312 | AH87: 0.18953753 | AI87: <0,01 | AJ87: <0,01 | AK87: 2.8051554
A88: EHU ION2768-88 | B88: =RIGHT(A88, LEN(A88)-7) -> 2768-88 | C88: =VLOOKUP(B88,'CEBAS-DEWOOD code'!A$2:B$302,2,FALSE) -> 1077 | D88: =VLOOKUP(IONOMICS!C88,'Field Table'!A$2:E$661,3,FALSE) -> FS | E88: =VLOOKUP(IONOMICS!C88,'Field Table'!A$2:E$661,4,FALSE) -> 2 | F88: =VLOOKUP(IONOMICS!C88,'Field Table'!A$2:E$661,5,FALSE) -> 01 | G88: 9.4449738 | H88: 0.1071939 | I88: <0,01 | J88: <0,01 | K88: <0,01 | L88: 0.23106241 | M88: 0.083373035 | N88: <0,01 | O88: 0.13101477 | P88: 2.5964745 | Q88: 9.1591234 | R88: 0.12065269 | S88: <0,01 | T88: 0.13101477 | U88: 0.042532158 | V88: 91.912816 | W88: <0,01 | X88: <0,01 | Y88: 0.75035731 | Z88: 0.69080515 | AA88: 0.038006193 | AB88: 3.3944736 | AC88: <0,01 | AD88: <0,01 | AE88: 429.96665 | AF88: 0.021557885 | AG88: 14.518818 | AH88: 0.46450691 | AI88: <0,01 | AJ88: <0,01 | AK88: 7.0628871
A89: EHU ION2768-89 | B89: =RIGHT(A89, LEN(A89)-7) -> 2768-89 | C89: =VLOOKUP(B89,'CEBAS-DEWOOD code'!A$2:B$302,2,FALSE) -> 148 | D89: =VLOOKUP(IONOMICS!C89,'Field Table'!A$2:E$661,3,FALSE) -> AA | E89: =VLOOKUP(IONOMICS!C89,'Field Table'!A$2:E$661,4,FALSE) -> 4 | F89: =VLOOKUP(IONOMICS!C89,'Field Table'!A$2:E$661,5,FALSE) -> 25 | G89: 15.30182 | H89: 0.17754106 | I89: <0,01 | J89: <0,01 | K89: <0,01 | L89: 0.20117621 | M89: 0.22192632 | N89: <0,01 | O89: 0.099866844 | P89: 2.7518864 | Q89: 6.180648 | R89: 0.24178873 | S89: <0,01 | T89: 0.14425211 | U89: 0.037172659 | V89: 36.329339 | W89: <0,01 | X89: 0.00092765202 | Y89: 0.28850422 | Z89: 0.37727474 | AA89: 0.001994008 | AB89: 5.3928096 | AC89: <0,01 | AD89: <0,01 | AE89: 12.993786 | AF89: 0.0088459831 | AG89: 12.882823 | AH89: 1.1207279 | AI89: <0,01 | AJ89: <0,01 | AK89: 4.2166001
A90: EHU ION2768-90 | B90: =RIGHT(A90, LEN(A90)-7) -> 2768-90 | C90: =VLOOKUP(B90,'CEBAS-DEWOOD code'!A$2:B$302,2,FALSE) -> 396 | D90: =VLOOKUP(IONOMICS!C90,'Field Table'!A$2:E$661,3,FALSE) -> AA | E90: =VLOOKUP(IONOMICS!C90,'Field Table'!A$2:E$661,4,FALSE) -> 1 | F90: =VLOOKUP(IONOMICS!C90,'Field Table'!A$2:E$661,5,FALSE) -> 25 | G90: 20.124939 | H90: <0,01 | I90: <0,01 | J90: <0,01 | K90: <0,01 | L90: 0.078454189 | M90: 0.13473787 | N90: 0.024497795 | O90: 0.60019598 | P90: 1.1881431 | Q90: 13.228809 | R90: 0.22317491 | S90: <0,01 | T90: 0.29397354 | U90: 0.017368937 | V90: 32.177854 | W90: <0,01 | X90: <0,01 | Y90: 0.23272905 | Z90: <0,01 | AA90: 0.002522048 | AB90: 4.5933366 | AC90: <0,01 | AD90: <0,01 | AE90: 28.343949 | AF90: 0.0061342479 | AG90: 5.7814797 | AH90: 7.655561 | AI90: <0,01 | AJ90: <0,01 | AK90: 3.6501715
A91: EHU ION2768-91 | B91: =RIGHT(A91, LEN(A91)-7) -> 2768-91 | C91: =VLOOKUP(B91,'CEBAS-DEWOOD code'!A$2:B$302,2,FALSE) -> 167 | D91: =VLOOKUP(IONOMICS!C91,'Field Table'!A$2:E$661,3,FALSE) -> FS | E91: =VLOOKUP(IONOMICS!C91,'Field Table'!A$2:E$661,4,FALSE) -> 1 | F91: =VLOOKUP(IONOMICS!C91,'Field Table'!A$2:E$661,5,FALSE) -> 10 | G91: 8.7628866 | H91: 1.4761012 | I91: 0.24601687 | J91: <0,01 | K91: <0,01 | L91: 0.090053889 | M91: 0.97235239 | N91: 0.63261481 | O91: 0.33973758 | P91: 1.6752577 | Q91: 8.423149 | R91: 0.06245314 | S91: <0,01 | T91: 0.56232427 | U91: 0.051206654 | V91: 39.831303 | W91: 2.4601687 | X91: 0.0011867385 | Y91: 3.947985 | Z91: 1.0074977 | AA91: 0.0054674321 | AB91: 2.108716 | AC91: 2.5890347 | AD91: 0.035145267 | AE91: 21.602624 | AF91: 0.011563964 | AG91: 5.9629803 | AH91: 1.2300843 | AI91: <0,01 | AJ91: 0.2108716 | AK91: 6.4081537
A92: EHU ION2768-92 | B92: =RIGHT(A92, LEN(A92)-7) -> 2768-92 | C92: =VLOOKUP(B92,'CEBAS-DEWOOD code'!A$2:B$302,2,FALSE) -> 1069 | D92: =VLOOKUP(IONOMICS!C92,'Field Table'!A$2:E$661,3,FALSE) -> AA | E92: =VLOOKUP(IONOMICS!C92,'Field Table'!A$2:E$661,4,FALSE) -> 4 | F92: =VLOOKUP(IONOMICS!C92,'Field Table'!A$2:E$661,5,FALSE) -> 01 | G92: 66.924829 | H92: 0.38724374 | I92: <0,01 | J92: <0,01 | K92: <0,01 | L92: 0.16833713 | M92: 0.41002278 | N92: 0.06833713 | O92: 0.86560364 | P92: 3.3940774 | Q92: 28.302961 | R92: 0.0091059226 | S92: <0,01 | T92: 0.39863326 | U92: 0.015535308 | V92: 81.640091 | W92: <0,01 | X92: 0.00096697039 | Y92: 0.64920273 | Z92: 1.7767654 | AA92: 0.0072995444 | AB92: 0.6833713 | AC92: <0,01 | AD92: <0,01 | AE92: 56.161731 | AF92: 0.017027335 | AG92: 7.8132118 | AH92: 1.7653759 | AI92: <0,01 | AJ92: 0.011389522 | AK92: 15.091116
A93: EHU ION2768-93 | B93: =RIGHT(A93, LEN(A93)-7) -> 2768-93 | C93: =VLOOKUP(B93,'CEBAS-DEWOOD code'!A$2:B$302,2,FALSE) -> #N/A | D93: =VLOOKUP(IONOMICS!C93,'Field Table'!A$2:E$661,3,FALSE) -> #N/A | E93: =VLOOKUP(IONOMICS!C93,'Field Table'!A$2:E$661,4,FALSE) -> #N/A | F93: =VLOOKUP(IONOMICS!C93,'Field Table'!A$2:E$661,5,FALSE) -> #N/A | G93: 103.7942 | H93: 0.019864919 | I93: <0,01 | J93: <0,01 | K93: <0,01 | L93: 0.19110052 | M93: 0.34763607 | N93: 0.0099324593 | O93: 0.72506953 | P93: 3.287644 | Q93: 58.730632 | R93: 0.021642829 | S93: <0,01 | T93: 0.2681764 | U93: 0.023480334 | V93: 84.16766 | W93: <0,01 | X93: 0.00027016289 | Y93: 0.55621772 | Z93: 1.4203417 | AA93: 0.0084078268 | AB93: 0.8541915 | AC93: <0,01 | AD93: <0,01 | AE93: 311.58125 | AF93: 0.018305522 | AG93: 8.6015097 | AH93: 7.5784664 | AI93: <0,01 | AJ93: 0.089392133 | AK93: 13.756456
A94: EHU ION2768-94 | B94: =RIGHT(A94, LEN(A94)-7) -> 2768-94 | C94: =VLOOKUP(B94,'CEBAS-DEWOOD code'!A$2:B$302,2,FALSE) -> 47 | D94: =VLOOKUP(IONOMICS!C94,'Field Table'!A$2:E$661,3,FALSE) -> FS | E94: =VLOOKUP(IONOMICS!C94,'Field Table'!A$2:E$661,4,FALSE) -> 2 | F94: =VLOOKUP(IONOMICS!C94,'Field Table'!A$2:E$661,5,FALSE) -> 10 | G94: 4.5748813 | H94: 0.14026759 | I94: <0,01 | J94: <0,01 | K94: <0,01 | L94: 0.226694 | M94: 0.14026759 | N94: 0.12947777 | O94: 0.075528701 | P94: 1.5213638 | Q94: 22.572292 | R94: 0.10398144 | S94: <0,01 | T94: 0.26974536 | U94: 0.060271903 | V94: 112.86146 | W94: <0,01 | X94: 0.0004305136 | Y94: 2.1795425 | Z94: 0.75528701 | AA94: 0.0041810531 | AB94: 2.557186 | AC94: <0,01 | AD94: <0,01 | AE94: 120.73802 | AF94: 0.012246439 | AG94: 16.788951 | AH94: 0.56107035 | AI94: <0,01 | AJ94: <0,01 | AK94: 4.2727665
A95: EHU ION2768-95 | B95: =RIGHT(A95, LEN(A95)-7) -> 2768-95 | C95: =VLOOKUP(B95,'CEBAS-DEWOOD code'!A$2:B$302,2,FALSE) -> 145 | D95: =VLOOKUP(IONOMICS!C95,'Field Table'!A$2:E$661,3,FALSE) -> FS | E95: =VLOOKUP(IONOMICS!C95,'Field Table'!A$2:E$661,4,FALSE) -> 4 | F95: =VLOOKUP(IONOMICS!C95,'Field Table'!A$2:E$661,5,FALSE) -> 10 | G95: 10.420394 | H95: 0.01118068 | I95: <0,01 | J95: <0,01 | K95: <0,01 | L95: 0.10593694 | M95: 0.17889088 | N95: 0.12298748 | O95: 0.067084079 | P95: 1.4758497 | Q95: 3.4324687 | R95: 0.067240608 | S95: <0,01 | T95: 0.33542039 | U95: 0.07828712 | V95: 35.52102 | W95: <0,01 | X95: <0,01 | Y95: 0.8273703 | Z95: 0.1677102 | AA95: 0.0059257603 | AB95: 3.108229 | AC95: <0,01 | AD95: <0,01 | AE95: 10.711091 | AF95: 0.0092218247 | AG95: 12.17576 | AH95: 0.62611807 | AI95: <0,01 | AJ95: <0,01 | AK95: 11.18068
A96: EHU ION2768-96 | B96: =RIGHT(A96, LEN(A96)-7) -> 2768-96 | C96: =VLOOKUP(B96,'CEBAS-DEWOOD code'!A$2:B$302,2,FALSE) -> 146 | D96: =VLOOKUP(IONOMICS!C96,'Field Table'!A$2:E$661,3,FALSE) -> AA | E96: =VLOOKUP(IONOMICS!C96,'Field Table'!A$2:E$661,4,FALSE) -> 1 | F96: =VLOOKUP(IONOMICS!C96,'Field Table'!A$2:E$661,5,FALSE) -> 25 | G96: 8.8659298 | H96: 0.14416146 | I96: <0,01 | J96: <0,01 | K96: <0,01 | L96: 0.070975493 | M96: 0.07208073 | N96: 0.04805382 | O96: 0.20422874 | P96: 1.7299375 | Q96: 3.9884671 | R96: 0.11367131 | S96: <0,01 | T96: 0.19221528 | U96: 0.019509851 | V96: 23.125901 | W96: <0,01 | X96: <0,01 | Y96: 0.14416146 | Z96: 0.3483902 | AA96: 0.00052859202 | AB96: 2.1263815 | AC96: <0,01 | AD96: <0,01 | AE96: 9.082172 | AF96: 0.0054961557 | AG96: 4.9255166 | AH96: 0.57664584 | AI96: <0,01 | AJ96: <0,01 | AK96: 2.2465161
A97: EHU ION2768-97 | B97: =RIGHT(A97, LEN(A97)-7) -> 2768-97 | C97: =VLOOKUP(B97,'CEBAS-DEWOOD code'!A$2:B$302,2,FALSE) -> 174 | D97: =VLOOKUP(IONOMICS!C97,'Field Table'!A$2:E$661,3,FALSE) -> FS | E97: =VLOOKUP(IONOMICS!C97,'Field Table'!A$2:E$661,4,FALSE) -> 2 | F97: =VLOOKUP(IONOMICS!C97,'Field Table'!A$2:E$661,5,FALSE) -> 25 | G97: 11.482231 | H97: 0.14619883 | I97: <0,01 | J97: <0,01 | K97: <0,01 | L97: 0.32141251 | M97: 0.1237067 | N97: 0.056230319 | O97: 0.25865947 | P97: 8.6932074 | Q97: 16.779127 | R97: 0.31635178 | S97: <0,01 | T97: 0.26990553 | U97: 0.058861898 | V97: 48.189384 | W97: <0,01 | X97: <0,01 | Y97: 0.78722447 | Z97: 0.14619883 | AA97: 0.0068466037 | AB97: 8.1309042 | AC97: <0,01 | AD97: <0,01 | AE97: 107.97346 | AF97: 0.011875843 | AG97: 15.901934 | AH97: 2.2154746 | AI97: <0,01 | AJ97: <0,01 | AK97: 4.5659019
A98: EHU ION2768-98 | B98: =RIGHT(A98, LEN(A98)-7) -> 2768-98 | C98: =VLOOKUP(B98,'CEBAS-DEWOOD code'!A$2:B$302,2,FALSE) -> 1054 | D98: =VLOOKUP(IONOMICS!C98,'Field Table'!A$2:E$661,3,FALSE) -> FS | E98: =VLOOKUP(IONOMICS!C98,'Field Table'!A$2:E$661,4,FALSE) -> 4 | F98: =VLOOKUP(IONOMICS!C98,'Field Table'!A$2:E$661,5,FALSE) -> 01 | G98: 28.653645 | H98: <0,01 | I98: <0,01 | J98: <0,01 | K98: <0,01 | L98: 0.40896407 | M98: 0.16567841 | N98: 0.052319498 | O98: 0.38367632 | P98: 2.9822114 | Q98: 18.128706 | R98: 0.02603767 | S98: <0,01 | T98: 0.31391699 | U98: 0.032664806 | V98: 135.5947 | W98: <0,01 | X98: <0,01 | Y98: 0.87199163 | Z98: 1.0812696 | AA98: 0.022166027 | AB98: 0.78479247 | AC98: <0,01 | AD98: <0,01 | AE98: 424.74712 | AF98: 0.027633415 | AG98: 21.808511 | AH98: 0.88071155 | AI98: <0,01 | AJ98: <0,01 | AK98: 15.155215
A99: EHU ION2768-99 | B99: =RIGHT(A99, LEN(A99)-7) -> 2768-99 | C99: =VLOOKUP(B99,'CEBAS-DEWOOD code'!A$2:B$302,2,FALSE) -> 1079 | D99: =VLOOKUP(IONOMICS!C99,'Field Table'!A$2:E$661,3,FALSE) -> AA | E99: =VLOOKUP(IONOMICS!C99,'Field Table'!A$2:E$661,4,FALSE) -> 1 | F99: =VLOOKUP(IONOMICS!C99,'Field Table'!A$2:E$661,5,FALSE) -> 01 | G99: 43.797537 | H99: 0.027164071 | I99: <0,01 | J99: <0,01 | K99: <0,01 | L99: 0.20382108 | M99: 0.2806954 | N99: <0,01 | O99: 0.51611735 | P99: 3.1691416 | Q99: 18.562115 | R99: 0.092720029 | S99: <0,01 | T99: 0.1901485 | U99: 0.020961608 | V99: 68.308584 | W99: <0,01 | X99: 0.0009326331 | Y99: 0.26258602 | Z99: 0.7515393 | AA99: 0.01579138 | AB99: 1.8381021 | AC99: <0,01 | AD99: <0,01 | AE99: 31.944947 | AF99: 0.014967403 | AG99: 10.910902 | AH99: 0.9326331 | AI99: <0,01 | AJ99: <0,01 | AK99: 15.229989
A100: EHU ION2768-100 | B100: =RIGHT(A100, LEN(A100)-7) -> 2768-100 | C100: =VLOOKUP(B100,'CEBAS-DEWOOD code'!A$2:B$302,2,FALSE) -> 407 | D100: =VLOOKUP(IONOMICS!C100,'Field Table'!A$2:E$661,3,FALSE) -> AA | E100: =VLOOKUP(IONOMICS!C100,'Field Table'!A$2:E$661,4,FALSE) -> 4 | F100: =VLOOKUP(IONOMICS!C100,'Field Table'!A$2:E$661,5,FALSE) -> 10 | G100: 22.697507 | H100: 0.17955218 | I100: <0,01 | J100: <0,01 | K100: <0,01 | L100: 0.12790452 | M100: 0.44359949 | N100: 0.052809463 | O100: 0.2851711 | P100: 1.9539501 | Q100: 12.283481 | R100: 0.046271652 | S100: <0,01 | T100: 0.20067596 | U100: 0.022053232 | V100: 45.81749 | W100: <0,01 | X100: 0.00054710604 | Y100: 0.16899028 | Z100: 0.36966624 | AA100: 0.002148289 | AB100: 1.1406844 | AC100: <0,01 | AD100: <0,01 | AE100: 22.338403 | AF100: 0.0098405154 | AG100: 8.1115336 | AH100: 2.1757499 | AI100: <0,01 | AJ100: <0,01 | AK100: 7.4672581
...

Sheet CEBAS-DEWOOD code
A1: CODE CEBAS | B1: CODE DEWOOD
A2: 2775-24 | B2: 42
A3: 2775-13 | B3: 1034
A4: 2775-28 | B4: 130
A5: 2775-16 | B5: 1025
A6: 2775-30 | B6: 170
A7: 2775-14 | B7: 1058
A8: 2775-9 | B8: 378
A9: 2775-23 | B9: 1015
A10: 2775-17 | B10: 331
A11: 2775-7 | B11: 1010
A12: 2775-1 | B12: 187
A13: 2775-4 | B13: 1057
... A29: 2775-5 | B29: 1013
A30: 2775-…......... | B30: ….........
A31: 2775-…......... | B31: ….........
A32: 2768-1 | B32: 114
A33: 2768-13 | B33: 382
A34: 2768-3 | B34: 37
A35: 2768-2 | B35: 364
A36: 2768-16 | B36: 190
A37: 2768-11 | B37: 381
A38: 2768-15 | B38: 176
A39: 2768-12 | B39: 75
A40: 2768-9 | B40: 137
A41: 2768-18 | B41: 1085
A42: 2768-4 | B42: 172
A43: 2768-10 | B43: 1090
... A298: 2768-113 | B298: 333
A299: 2768-….............. | B299: …..............
A300: 2768-….............. | B300: …..............
A301: 2768-….............. | B301: …..............
A302: 2768-….............. | B302: …..............

Sheet Field Table
A1: LABEL | B1: Code | C1: Species | D1: Class | E1: Diameter
A2: 1 | B2: 25-P1S1C1AA | C2: =RIGHT(LEFT(B2,11),2) -> AA | D2: =RIGHT(LEFT(B2,9),1) -> 1 | E2: =LEFT(B2,2) -> 25
A3: 2 | B3: 25-P1S1C2AA | C3: =RIGHT(LEFT(B3,11),2) -> AA | D3: =RIGHT(LEFT(B3,9),1) -> 2 | E3: =LEFT(B3,2) -> 25
A4: 3 | B4: 25-P1S1C4AA | C4: =RIGHT(LEFT(B4,11),2) -> AA | D4: =RIGHT(LEFT(B4,9),1) -> 4 | E4: =LEFT(B4,2) -> 25
A5: 4 | B5: 25-P1S1C1FS | C5: =RIGHT(LEFT(B5,11),2) -> FS | D5: =RIGHT(LEFT(B5,9),1) -> 1 | E5: =LEFT(B5,2) -> 25
A6: 5 | B6: 25-P1S1C2FS | C6: =RIGHT(LEFT(B6,11),2) -> FS | D6: =RIGHT(LEFT(B6,9),1) -> 2 | E6: =LEFT(B6,2) -> 25
A7: 6 | B7: 25-P1S1C4FS | C7: =RIGHT(LEFT(B7,11),2) -> FS | D7: =RIGHT(LEFT(B7,9),1) -> 4 | E7: =LEFT(B7,2) -> 25
A8: 37 | B8: 25-P1S2C1AA | C8: =RIGHT(LEFT(B8,11),2) -> AA | D8: =RIGHT(LEFT(B8,9),1) -> 1 | E8: =LEFT(B8,2) -> 25
A9: 38 | B9: 25-P1S2C2AA | C9: =RIGHT(LEFT(B9,11),2) -> AA | D9: =RIGHT(LEFT(B9,9),1) -> 2 | E9: =LEFT(B9,2) -> 25
A10: 39 | B10: 25-P1S2C4AA | C10: =RIGHT(LEFT(B10,11),2) -> AA | D10: =RIGHT(LEFT(B10,9),1) -> 4 | E10: =LEFT(B10,2) -> 25
A11: 40 | B11: 25-P1S2C1FS | C11: =RIGHT(LEFT(B11,11),2) -> FS | D11: =RIGHT(LEFT(B11,9),1) -> 1 | E11: =LEFT(B11,2) -> 25
A12: 41 | B12: 25-P1S2C2FS | C12: =RIGHT(LEFT(B12,11),2) -> FS | D12: =RIGHT(LEFT(B12,9),1) -> 2 | E12: =LEFT(B12,2) -> 25
A13: 42 | B13: 25-P1S2C4FS | C13: =RIGHT(LEFT(B13,11),2) -> FS | D13: =RIGHT(LEFT(B13,9),1) -> 4 | E13: =LEFT(B13,2) -> 25
... A571: 563 | B571: 01-P6S5C4FS-Sp | C571: =RIGHT(LEFT(B571,11),2) -> FS | D571: =RIGHT(LEFT(B571,9),1) -> 4 | E571: =LEFT(B571,2) -> 01
A572: 1001 | B572: 11AA1 | C572: =RIGHT(LEFT(B572,4),2) -> AA | D572: =RIGHT(LEFT(B572,9),1) -> 1 | E572: 01
A573: 1002 | B573: 11AA2 | C573: =RIGHT(LEFT(B573,4),2) -> AA | D573: =RIGHT(LEFT(B573,9),1) -> 2 | E573: 01
A574: 1003 | B574: 11AA4 | C574: =RIGHT(LEFT(B574,4),2) -> AA | D574: =RIGHT(LEFT(B574,9),1) -> 4 | E574: 01
A575: 1004 | B575: 11FS1 | C575: =RIGHT(LEFT(B575,4),2) -> FS | D575: =RIGHT(LEFT(B575,9),1) -> 1 | E575: 01
A576: 1005 | B576: 11FS2 | C576: =RIGHT(LEFT(B576,4),2) -> FS | D576: =RIGHT(LEFT(B576,9),1) -> 2 | E576: 01
A577: 1006 | B577: 11FS4 | C577: =RIGHT(LEFT(B577,4),2) -> FS | D577: =RIGHT(LEFT(B577,9),1) -> 4 | E577: 01
A578: 1007 | B578: 12AA1 | C578: =RIGHT(LEFT(B578,4),2) -> AA | D578: =RIGHT(LEFT(B578,9),1) -> 1 | E578: 01
A579: 1008 | B579: 12AA2 | C579: =RIGHT(LEFT(B579,4),2) -> AA | D579: =RIGHT(LEFT(B579,9),1) -> 2 | E579: 01
A580: 1009 | B580: 12AA4 | C580: =RIGHT(LEFT(B580,4),2) -> AA | D580: =RIGHT(LEFT(B580,9),1) -> 4 | E580: 01
A581: 1010 | B581: 12FS1 | C581: =RIGHT(LEFT(B581,4),2) -> FS | D581: =RIGHT(LEFT(B581,9),1) -> 1 | E581: 01
A582: 1011 | B582: 12FS2 | C582: =RIGHT(LEFT(B582,4),2) -> FS | D582: =RIGHT(LEFT(B582,9),1) -> 2 | E582: 01
A583: 1012 | B583: 12FS4 | C583: =RIGHT(LEFT(B583,4),2) -> FS | D583: =RIGHT(LEFT(B583,9),1) -> 4 | E583: 01
... A661: 1090 | B661: 65FS4 | C661: =RIGHT(LEFT(B661,4),2) -> FS | D661: =RIGHT(LEFT(B661,9),1) -> 4 | E661: 01
